-- MySQL dump 10.13  Distrib 8.0.33, for macos13 (x86_64)
--
-- Host: localhost    Database: dbflix
-- ------------------------------------------------------
-- Server version	8.0.33

/*!40101 SET @OLD_CHARACTER_SET_CLIENT=@@CHARACTER_SET_CLIENT */;
/*!40101 SET @OLD_CHARACTER_SET_RESULTS=@@CHARACTER_SET_RESULTS */;
/*!40101 SET @OLD_COLLATION_CONNECTION=@@COLLATION_CONNECTION */;
/*!50503 SET NAMES utf8mb4 */;
/*!40103 SET @OLD_TIME_ZONE=@@TIME_ZONE */;
/*!40103 SET TIME_ZONE='+00:00' */;
/*!40014 SET @OLD_UNIQUE_CHECKS=@@UNIQUE_CHECKS, UNIQUE_CHECKS=0 */;
/*!40014 SET @OLD_FOREIGN_KEY_CHECKS=@@FOREIGN_KEY_CHECKS, FOREIGN_KEY_CHECKS=0 */;
/*!40101 SET @OLD_SQL_MODE=@@SQL_MODE, SQL_MODE='NO_AUTO_VALUE_ON_ZERO' */;
/*!40111 SET @OLD_SQL_NOTES=@@SQL_NOTES, SQL_NOTES=0 */;

--
-- Table structure for table `award_info`
--

DROP TABLE IF EXISTS `award_info`;
/*!40101 SET @saved_cs_client     = @@character_set_client */;
/*!50503 SET character_set_client = utf8mb4 */;
CREATE TABLE `award_info` (
  `ai_seq` bigint NOT NULL AUTO_INCREMENT,
  `ai_name` varchar(255) DEFAULT NULL,
  `ai_year` int DEFAULT NULL,
  `ai_cate` varchar(255) DEFAULT NULL,
  PRIMARY KEY (`ai_seq`)
) ENGINE=InnoDB AUTO_INCREMENT=37 DEFAULT CHARSET=utf8mb4 COLLATE=utf8mb4_0900_ai_ci;
/*!40101 SET character_set_client = @saved_cs_client */;

--
-- Dumping data for table `award_info`
--

LOCK TABLES `award_info` WRITE;
/*!40000 ALTER TABLE `award_info` DISABLE KEYS */;
INSERT INTO `award_info` VALUES (2,'올해의영화',2023,'영화'),(3,'상이름',2022,'배우'),(4,'상이름',2022,'배우'),(5,'상이름',2022,'배우'),(6,'상이름',2022,'배우'),(7,'상이름1',2023,'감독'),(8,'상이름2',2023,'감독'),(9,'상이름3',2023,'영화'),(10,'상이름4',2023,'영화'),(11,'상이름5',2023,'영화'),(12,'상이름6',2023,'감독'),(13,'상이름7',2023,'감독'),(14,'상이름8',2023,'감독'),(15,'상이름9',2023,'감독'),(16,'상이름10',2023,'영화'),(17,'상이름11',2023,'영화'),(18,'상이름12',2023,'영화'),(19,'상이름13',2023,'영화'),(20,'상이름14',2023,'감독'),(21,'상이름15',2023,'영화'),(22,'영화이름1',2023,'감독'),(23,'영화이름2',2023,'감독'),(24,'영화이름3',2023,'감독'),(25,'영화이름4',2023,'감독'),(26,'영화이름5',2023,'감독'),(27,'영화이름6',2023,'배우'),(28,'영화이름7',2023,'배우'),(29,'영화이름8',2023,'감독'),(30,'영화이름9',2023,'영화'),(31,'영화이름10',2023,'배우'),(32,'영화이름11',2023,'영화'),(33,'영화이름12',2023,'영화'),(34,'영화이름13',2023,'영화'),(35,'영화이름14',2023,'배우'),(36,'영화이름15',2023,'감독');
/*!40000 ALTER TABLE `award_info` ENABLE KEYS */;
UNLOCK TABLES;

--
-- Table structure for table `company_info`
--

DROP TABLE IF EXISTS `company_info`;
/*!40101 SET @saved_cs_client     = @@character_set_client */;
/*!50503 SET character_set_client = utf8mb4 */;
CREATE TABLE `company_info` (
  `com_seq` bigint NOT NULL AUTO_INCREMENT,
  `com_business_num` varchar(20) DEFAULT NULL,
  `com_name` varchar(255) DEFAULT NULL,
  `com_adress` text,
  PRIMARY KEY (`com_seq`)
) ENGINE=InnoDB AUTO_INCREMENT=18 DEFAULT CHARSET=utf8mb4 COLLATE=utf8mb4_0900_ai_ci;
/*!40101 SET character_set_client = @saved_cs_client */;

--
-- Dumping data for table `company_info`
--

LOCK TABLES `company_info` WRITE;
/*!40000 ALTER TABLE `company_info` DISABLE KEYS */;
INSERT INTO `company_info` VALUES (4,'111-11-11121','수정','주소변경2'),(5,'222-22-22223','제작사','서울특별시'),(6,'222-22-22224','제작사','서울특별시'),(7,'222-22-22225','제작사','서울특별시'),(8,'222-22-22226','제작사','서울특별시'),(9,'222-22-22227','제작사','서울특별시');
/*!40000 ALTER TABLE `company_info` ENABLE KEYS */;
UNLOCK TABLES;

--
-- Table structure for table `creator_award_connect`
--

DROP TABLE IF EXISTS `creator_award_connect`;
/*!40101 SET @saved_cs_client     = @@character_set_client */;
/*!50503 SET character_set_client = utf8mb4 */;
CREATE TABLE `creator_award_connect` (
  `cac_seq` bigint NOT NULL AUTO_INCREMENT,
  `cac_ci_seq` bigint NOT NULL,
  `cac_ai_seq` bigint NOT NULL,
  PRIMARY KEY (`cac_seq`),
  KEY `cac_ci_seq` (`cac_ci_seq`),
  KEY `cac_ai_seq` (`cac_ai_seq`),
  CONSTRAINT `creator_award_connect_ibfk_1` FOREIGN KEY (`cac_ci_seq`) REFERENCES `creator_info` (`ci_seq`) ON DELETE CASCADE,
  CONSTRAINT `creator_award_connect_ibfk_2` FOREIGN KEY (`cac_ai_seq`) REFERENCES `award_info` (`ai_seq`) ON DELETE CASCADE
) ENGINE=InnoDB AUTO_INCREMENT=128 DEFAULT CHARSET=utf8mb4 COLLATE=utf8mb4_0900_ai_ci;
/*!40101 SET character_set_client = @saved_cs_client */;

--
-- Dumping data for table `creator_award_connect`
--

LOCK TABLES `creator_award_connect` WRITE;
/*!40000 ALTER TABLE `creator_award_connect` DISABLE KEYS */;
INSERT INTO `creator_award_connect` VALUES (5,45,3),(6,55,4),(7,58,4),(8,34,4),(9,60,5),(10,72,5),(11,14,5),(12,41,5),(13,86,5),(14,15,5),(15,33,5),(16,102,5),(17,85,6),(18,88,6),(19,28,6),(20,49,6),(21,40,6),(22,57,6),(23,37,6),(24,4,6),(25,66,6),(26,102,27),(27,40,27),(28,88,27),(29,42,27),(30,37,27),(31,67,27),(32,33,27),(33,56,27),(34,28,28),(35,88,31),(36,14,31),(37,48,31),(38,29,31),(39,94,31),(40,45,31),(41,56,31),(42,15,31),(43,89,31),(44,25,35),(45,56,35),(46,51,7),(47,65,7),(48,17,8),(49,11,8),(50,51,8),(51,54,8),(52,10,12),(53,83,12),(54,8,12),(55,87,12),(56,17,12),(57,38,13),(58,17,13),(59,7,13),(60,11,13),(61,18,13),(62,30,13),(63,76,13),(64,93,13),(65,27,13),(66,75,13),(67,93,14),(68,6,14),(69,35,14),(70,77,14),(71,90,14),(72,82,14),(73,79,15),(74,27,15),(75,100,15),(76,75,15),(77,87,15),(78,35,15),(79,17,15),(80,76,15),(81,65,15),(82,76,20),(83,23,20),(84,104,22),(85,20,22),(86,62,22),(87,43,22),(88,35,22),(89,11,23),(90,18,23),(91,38,23),(92,26,23),(93,21,23),(94,78,23),(95,82,23),(96,91,23),(97,36,24),(98,21,24),(99,8,24),(100,100,24),(101,71,25),(102,75,25),(103,77,25),(104,24,25),(105,78,25),(106,52,25),(107,93,26),(108,99,26),(109,104,26),(110,36,26),(111,17,26),(112,77,26),(113,84,26),(114,6,29),(115,54,29),(116,53,29),(117,71,29),(118,100,29),(119,82,29),(120,18,29),(121,36,29),(122,77,29),(123,46,29),(124,71,36),(125,46,36),(126,27,36),(127,95,36);
/*!40000 ALTER TABLE `creator_award_connect` ENABLE KEYS */;
UNLOCK TABLES;

--
-- Table structure for table `creator_info`
--

DROP TABLE IF EXISTS `creator_info`;
/*!40101 SET @saved_cs_client     = @@character_set_client */;
/*!50503 SET character_set_client = utf8mb4 */;
CREATE TABLE `creator_info` (
  `ci_seq` bigint NOT NULL AUTO_INCREMENT,
  `ci_contry` varchar(255) NOT NULL,
  `ci_age` int NOT NULL,
  `ci_role` varchar(10) NOT NULL,
  `ci_gen` varchar(10) NOT NULL,
  `ci_name` varchar(255) NOT NULL,
  PRIMARY KEY (`ci_seq`)
) ENGINE=InnoDB AUTO_INCREMENT=105 DEFAULT CHARSET=utf8mb4 COLLATE=utf8mb4_0900_ai_ci;
/*!40101 SET character_set_client = @saved_cs_client */;

--
-- Dumping data for table `creator_info`
--

LOCK TABLES `creator_info` WRITE;
/*!40000 ALTER TABLE `creator_info` DISABLE KEYS */;
INSERT INTO `creator_info` VALUES (4,'한국',20,'배우','남','배우2'),(5,'한국',54,'감독','여','이름1'),(6,'한국',53,'감독','여','이름2'),(7,'한국',39,'감독','여','이름3'),(8,'한국',47,'감독','남','이름4'),(9,'한국',31,'배우','남','이름5'),(10,'한국',45,'감독','남','이름6'),(11,'한국',56,'감독','여','이름7'),(12,'한국',36,'배우','여','이름8'),(13,'한국',41,'감독','남','이름9'),(14,'한국',54,'배우','남','이름10'),(15,'한국',51,'배우','여','이름11'),(16,'한국',56,'감독','여','이름12'),(17,'한국',27,'감독','선택안함','이름13'),(18,'한국',51,'감독','선택안함','이름14'),(19,'한국',55,'감독','여','이름15'),(20,'한국',30,'감독','선택안함','이름16'),(21,'한국',34,'감독','여','이름17'),(22,'한국',53,'감독','남','이름18'),(23,'한국',28,'감독','남','이름19'),(24,'한국',55,'감독','여','이름20'),(25,'한국',58,'배우','여','이름21'),(26,'한국',22,'감독','남','이름22'),(27,'한국',50,'감독','남','이름23'),(28,'한국',30,'배우','남','이름24'),(29,'한국',53,'배우','여','이름25'),(30,'한국',24,'감독','선택안함','이름26'),(31,'한국',40,'배우','여','이름27'),(32,'한국',59,'배우','선택안함','이름28'),(33,'한국',51,'배우','여','이름29'),(34,'한국',43,'배우','남','이름30'),(35,'한국',58,'감독','선택안함','이름31'),(36,'한국',34,'감독','선택안함','이름32'),(37,'한국',22,'배우','선택안함','이름33'),(38,'한국',36,'감독','선택안함','이름34'),(39,'한국',55,'감독','여','이름35'),(40,'한국',38,'배우','여','이름36'),(41,'한국',21,'배우','선택안함','이름37'),(42,'한국',29,'배우','여','이름38'),(43,'한국',56,'감독','남','이름39'),(44,'한국',40,'감독','남','이름40'),(45,'한국',25,'배우','남','이름41'),(46,'한국',46,'감독','선택안함','이름42'),(47,'한국',35,'배우','남','이름43'),(48,'한국',21,'배우','여','이름44'),(49,'한국',29,'배우','여','이름45'),(50,'한국',49,'배우','선택안함','이름46'),(51,'한국',42,'감독','여','이름47'),(52,'한국',49,'감독','여','이름48'),(53,'한국',55,'감독','남','이름49'),(54,'한국',59,'감독','남','이름50'),(55,'한국',47,'배우','여','이름51'),(56,'한국',56,'배우','남','이름52'),(57,'한국',50,'배우','여','이름53'),(58,'한국',49,'배우','여','이름54'),(59,'한국',56,'배우','여','이름55'),(60,'한국',37,'배우','남','이름56'),(61,'한국',21,'배우','여','이름57'),(62,'한국',48,'감독','여','이름58'),(63,'한국',47,'배우','선택안함','이름59'),(64,'한국',24,'배우','남','이름60'),(65,'한국',54,'감독','남','이름61'),(66,'한국',35,'배우','남','이름62'),(67,'한국',29,'배우','남','이름63'),(68,'한국',24,'배우','선택안함','이름64'),(69,'한국',52,'배우','남','이름65'),(70,'한국',35,'배우','남','이름66'),(71,'한국',43,'감독','선택안함','이름67'),(72,'한국',39,'배우','선택안함','이름68'),(73,'한국',54,'배우','남','이름69'),(74,'한국',24,'배우','선택안함','이름70'),(75,'한국',35,'감독','여','이름71'),(76,'한국',51,'감독','선택안함','이름72'),(77,'한국',27,'감독','여','이름73'),(78,'한국',38,'감독','선택안함','이름74'),(79,'한국',25,'감독','남','이름75'),(80,'한국',36,'감독','남','이름76'),(81,'한국',36,'배우','여','이름77'),(82,'한국',45,'감독','여','이름78'),(83,'한국',21,'감독','여','이름79'),(84,'한국',41,'감독','선택안함','이름80'),(85,'한국',58,'배우','남','이름81'),(86,'한국',36,'배우','여','이름82'),(87,'한국',52,'감독','여','이름83'),(88,'한국',20,'배우','남','이름84'),(89,'한국',25,'배우','남','이름85'),(90,'한국',56,'감독','남','이름86'),(91,'한국',30,'감독','여','이름87'),(92,'한국',53,'배우','남','이름88'),(93,'한국',48,'감독','남','이름89'),(94,'한국',57,'배우','선택안함','이름90'),(95,'한국',50,'감독','선택안함','이름91'),(96,'한국',47,'배우','여','이름92'),(97,'한국',27,'배우','여','이름93'),(98,'한국',26,'감독','선택안함','이름94'),(99,'한국',47,'감독','남','이름95'),(100,'한국',50,'감독','남','이름96'),(101,'한국',43,'배우','선택안함','이름97'),(102,'한국',46,'배우','여','이름98'),(103,'한국',41,'배우','여','이름99'),(104,'한국',57,'감독','선택안함','이름100');
/*!40000 ALTER TABLE `creator_info` ENABLE KEYS */;
UNLOCK TABLES;

--
-- Table structure for table `creator_movie_connection`
--

DROP TABLE IF EXISTS `creator_movie_connection`;
/*!40101 SET @saved_cs_client     = @@character_set_client */;
/*!50503 SET character_set_client = utf8mb4 */;
CREATE TABLE `creator_movie_connection` (
  `cmc_seq` bigint NOT NULL AUTO_INCREMENT,
  `cmc_ci_seq` bigint NOT NULL,
  `cmc_mi_seq` bigint NOT NULL,
  `cmc_role` varchar(10) NOT NULL,
  PRIMARY KEY (`cmc_seq`),
  KEY `cmc_ci_seq` (`cmc_ci_seq`),
  KEY `cmc_mi_seq` (`cmc_mi_seq`),
  CONSTRAINT `creator_movie_connection_ibfk_1` FOREIGN KEY (`cmc_ci_seq`) REFERENCES `creator_info` (`ci_seq`) ON DELETE CASCADE,
  CONSTRAINT `creator_movie_connection_ibfk_2` FOREIGN KEY (`cmc_mi_seq`) REFERENCES `movie_info` (`mi_seq`) ON DELETE CASCADE
) ENGINE=InnoDB AUTO_INCREMENT=1801 DEFAULT CHARSET=utf8mb4 COLLATE=utf8mb4_0900_ai_ci;
/*!40101 SET character_set_client = @saved_cs_client */;

--
-- Dumping data for table `creator_movie_connection`
--

LOCK TABLES `creator_movie_connection` WRITE;
/*!40000 ALTER TABLE `creator_movie_connection` DISABLE KEYS */;
INSERT INTO `creator_movie_connection` VALUES (9,4,169,'주연'),(10,4,163,'조연'),(11,4,94,'조연'),(12,4,157,'조연'),(13,4,173,'조연'),(14,5,87,'주연'),(15,5,136,'주연'),(17,5,121,'감독'),(18,5,89,'주연'),(19,5,110,'주연'),(20,5,166,'감독'),(21,5,133,'주연'),(22,5,171,'조연'),(23,5,178,'감독'),(24,5,147,'주연'),(25,6,103,'감독'),(26,6,132,'조연'),(27,6,113,'감독'),(28,6,127,'주연'),(29,6,106,'조연'),(30,6,151,'감독'),(31,6,181,'조연'),(32,6,169,'감독'),(33,6,146,'조연'),(34,7,152,'감독'),(35,7,178,'조연'),(36,7,93,'주연'),(37,7,171,'감독'),(38,7,169,'조연'),(39,7,141,'조연'),(40,7,122,'감독'),(41,7,130,'감독'),(42,7,133,'조연'),(43,7,107,'감독'),(44,7,158,'조연'),(45,7,112,'감독'),(46,7,143,'조연'),(47,7,138,'주연'),(48,7,88,'주연'),(49,7,108,'주연'),(50,8,172,'감독'),(51,8,179,'주연'),(52,8,147,'주연'),(53,9,139,'조연'),(54,9,143,'조연'),(55,9,123,'감독'),(56,9,166,'주연'),(57,9,172,'조연'),(58,9,117,'감독'),(59,9,130,'조연'),(60,9,132,'주연'),(61,9,152,'감독'),(62,9,99,'주연'),(63,9,126,'조연'),(64,9,176,'주연'),(65,9,101,'주연'),(66,9,178,'조연'),(67,10,149,'주연'),(68,10,100,'주연'),(69,11,182,'조연'),(70,11,126,'감독'),(71,11,106,'주연'),(72,11,89,'감독'),(73,11,172,'감독'),(74,11,101,'감독'),(75,11,105,'주연'),(76,11,144,'주연'),(77,11,104,'감독'),(78,12,181,'조연'),(79,12,140,'감독'),(80,12,141,'감독'),(81,12,128,'주연'),(82,12,144,'감독'),(83,12,137,'감독'),(84,12,126,'조연'),(85,12,96,'감독'),(86,12,154,'주연'),(87,12,175,'조연'),(88,13,133,'감독'),(89,13,110,'조연'),(90,13,103,'주연'),(91,13,146,'조연'),(92,13,173,'조연'),(93,13,116,'조연'),(94,13,111,'주연'),(95,13,150,'감독'),(97,13,86,'감독'),(98,13,93,'주연'),(99,13,104,'조연'),(100,13,113,'주연'),(101,13,114,'감독'),(102,13,98,'조연'),(103,13,144,'조연'),(104,13,124,'주연'),(105,14,182,'감독'),(106,14,173,'주연'),(107,15,167,'조연'),(108,15,165,'감독'),(109,15,181,'조연'),(110,15,132,'조연'),(111,15,114,'주연'),(112,15,185,'감독'),(113,15,171,'감독'),(114,15,117,'감독'),(115,15,159,'감독'),(116,15,180,'주연'),(117,15,169,'감독'),(118,15,111,'감독'),(119,15,143,'감독'),(120,15,172,'감독'),(121,15,92,'주연'),(122,15,96,'조연'),(123,15,147,'감독'),(124,16,135,'주연'),(125,16,185,'주연'),(126,16,100,'조연'),(127,16,179,'감독'),(128,16,173,'조연'),(129,16,98,'조연'),(130,16,166,'감독'),(131,16,90,'감독'),(132,16,146,'조연'),(133,16,134,'주연'),(134,16,115,'주연'),(135,16,97,'감독'),(136,16,89,'감독'),(137,16,121,'감독'),(138,16,132,'감독'),(139,16,86,'주연'),(140,16,149,'주연'),(141,18,163,'감독'),(142,18,96,'조연'),(143,18,115,'조연'),(144,18,167,'감독'),(145,18,119,'조연'),(146,18,124,'감독'),(147,18,149,'조연'),(148,19,114,'감독'),(149,19,125,'감독'),(150,19,140,'감독'),(151,19,154,'조연'),(152,19,181,'조연'),(153,19,175,'조연'),(154,19,103,'주연'),(155,19,157,'감독'),(156,19,142,'감독'),(157,19,174,'조연'),(158,19,113,'주연'),(159,19,149,'조연'),(160,19,132,'감독'),(161,19,145,'조연'),(162,19,184,'조연'),(163,19,102,'조연'),(164,20,153,'감독'),(165,20,164,'조연'),(166,21,110,'감독'),(167,21,148,'주연'),(168,21,159,'주연'),(169,21,130,'조연'),(170,21,99,'주연'),(171,21,163,'조연'),(172,21,104,'조연'),(173,21,157,'주연'),(174,21,98,'감독'),(175,21,133,'주연'),(176,21,154,'감독'),(177,21,115,'감독'),(178,21,185,'주연'),(179,21,136,'감독'),(180,21,88,'감독'),(181,21,93,'조연'),(182,23,126,'감독'),(183,24,165,'조연'),(184,24,184,'감독'),(185,24,140,'조연'),(186,24,117,'주연'),(187,24,115,'감독'),(188,24,166,'조연'),(189,24,97,'주연'),(190,24,96,'주연'),(191,24,90,'주연'),(192,24,176,'감독'),(193,24,122,'주연'),(194,24,182,'감독'),(195,24,116,'주연'),(196,24,123,'감독'),(197,24,163,'감독'),(198,24,171,'조연'),(199,24,158,'주연'),(200,24,179,'조연'),(201,25,135,'주연'),(202,25,166,'감독'),(203,25,87,'조연'),(204,25,120,'감독'),(205,26,95,'주연'),(206,26,153,'감독'),(207,26,114,'주연'),(208,26,108,'주연'),(209,26,146,'주연'),(210,26,119,'주연'),(211,26,163,'주연'),(212,26,109,'조연'),(213,27,131,'감독'),(214,27,117,'감독'),(215,27,114,'감독'),(216,27,163,'감독'),(217,27,176,'감독'),(218,27,164,'주연'),(219,27,185,'주연'),(220,27,93,'감독'),(221,27,175,'감독'),(222,27,138,'주연'),(223,27,155,'주연'),(224,27,150,'감독'),(225,27,157,'조연'),(226,27,144,'감독'),(227,27,104,'주연'),(228,27,161,'감독'),(229,28,166,'조연'),(230,28,118,'조연'),(231,28,106,'감독'),(232,28,137,'조연'),(233,28,171,'조연'),(234,28,127,'감독'),(235,28,125,'조연'),(236,28,142,'감독'),(237,28,173,'조연'),(238,28,159,'조연'),(239,28,157,'조연'),(240,28,144,'주연'),(241,28,117,'감독'),(242,28,152,'감독'),(243,28,149,'감독'),(244,29,153,'주연'),(245,29,185,'주연'),(246,29,157,'주연'),(247,29,180,'감독'),(248,29,184,'주연'),(249,29,120,'조연'),(250,29,160,'주연'),(251,29,101,'주연'),(252,29,117,'주연'),(253,29,109,'주연'),(254,29,181,'주연'),(255,29,165,'감독'),(256,29,132,'주연'),(257,29,151,'주연'),(258,29,106,'주연'),(259,30,143,'조연'),(260,30,166,'조연'),(261,30,93,'조연'),(262,30,98,'감독'),(263,30,138,'주연'),(264,30,128,'주연'),(265,31,145,'조연'),(266,31,146,'감독'),(267,31,126,'감독'),(268,31,113,'조연'),(269,31,183,'감독'),(270,31,97,'주연'),(271,31,147,'주연'),(272,31,114,'조연'),(273,31,128,'주연'),(274,31,169,'주연'),(275,31,122,'감독'),(276,31,101,'조연'),(277,31,142,'감독'),(278,31,176,'조연'),(279,31,139,'감독'),(280,31,149,'조연'),(281,31,181,'조연'),(282,32,105,'감독'),(283,32,138,'주연'),(284,32,131,'주연'),(285,32,142,'조연'),(286,32,88,'주연'),(287,32,156,'주연'),(288,32,121,'주연'),(289,32,101,'감독'),(290,32,148,'조연'),(291,32,152,'조연'),(293,32,173,'조연'),(294,32,168,'주연'),(295,32,110,'감독'),(296,32,144,'주연'),(297,33,111,'감독'),(298,33,160,'조연'),(299,34,86,'조연'),(300,34,143,'주연'),(301,34,161,'주연'),(302,34,109,'감독'),(303,34,158,'조연'),(304,34,135,'조연'),(305,34,92,'조연'),(306,34,127,'감독'),(307,34,180,'주연'),(308,34,96,'조연'),(309,34,176,'주연'),(310,34,95,'감독'),(311,35,169,'주연'),(312,35,105,'조연'),(313,35,127,'조연'),(314,35,94,'조연'),(315,35,126,'주연'),(316,35,98,'조연'),(317,35,185,'감독'),(318,35,168,'감독'),(319,35,106,'주연'),(320,35,146,'주연'),(321,36,169,'조연'),(322,37,99,'주연'),(323,37,140,'조연'),(324,37,154,'감독'),(325,37,183,'감독'),(326,37,102,'조연'),(327,37,179,'조연'),(328,37,112,'주연'),(329,37,132,'감독'),(330,37,86,'주연'),(331,37,151,'감독'),(332,37,181,'조연'),(333,37,138,'감독'),(334,37,121,'감독'),(335,37,171,'주연'),(336,37,109,'감독'),(337,37,148,'감독'),(338,38,169,'주연'),(339,38,184,'감독'),(340,38,151,'감독'),(341,38,139,'주연'),(342,38,141,'조연'),(343,38,185,'감독'),(344,38,159,'조연'),(345,38,87,'조연'),(346,38,86,'감독'),(347,38,138,'조연'),(348,38,181,'주연'),(349,38,109,'조연'),(350,38,127,'감독'),(351,38,128,'조연'),(352,38,119,'주연'),(353,38,97,'감독'),(354,39,117,'조연'),(355,39,136,'감독'),(356,39,127,'주연'),(357,39,179,'조연'),(358,39,94,'감독'),(359,39,181,'조연'),(360,39,106,'주연'),(361,39,137,'주연'),(362,39,180,'감독'),(363,39,177,'조연'),(364,39,115,'주연'),(365,39,87,'조연'),(366,39,122,'감독'),(367,39,153,'조연'),(368,39,155,'조연'),(369,39,111,'조연'),(370,39,126,'주연'),(371,40,100,'조연'),(372,41,137,'조연'),(373,41,120,'주연'),(374,41,167,'주연'),(375,41,155,'감독'),(376,41,111,'조연'),(377,41,141,'조연'),(378,41,172,'조연'),(379,41,170,'조연'),(380,42,100,'주연'),(381,42,99,'감독'),(382,42,154,'조연'),(383,42,97,'주연'),(384,42,181,'조연'),(385,42,150,'주연'),(386,42,169,'조연'),(387,42,137,'조연'),(388,42,93,'주연'),(389,43,170,'조연'),(390,43,115,'주연'),(391,43,172,'주연'),(392,44,167,'감독'),(393,44,103,'주연'),(394,44,181,'조연'),(395,44,143,'조연'),(396,44,152,'주연'),(397,44,121,'주연'),(398,44,126,'주연'),(399,44,100,'감독'),(400,44,86,'주연'),(401,44,112,'감독'),(402,44,139,'감독'),(403,44,133,'주연'),(404,44,185,'감독'),(405,44,125,'조연'),(406,44,117,'주연'),(407,44,132,'주연'),(408,44,172,'감독'),(409,44,160,'조연'),(410,46,119,'감독'),(411,46,170,'감독'),(412,46,155,'조연'),(413,46,89,'감독'),(414,46,92,'조연'),(415,46,142,'조연'),(416,46,109,'주연'),(417,47,110,'주연'),(418,47,131,'주연'),(419,47,174,'주연'),(420,47,175,'조연'),(421,47,142,'조연'),(422,48,170,'감독'),(423,49,113,'주연'),(424,49,136,'주연'),(425,50,109,'조연'),(426,50,148,'주연'),(427,50,127,'조연'),(428,51,127,'조연'),(429,51,149,'조연'),(430,51,151,'조연'),(431,51,111,'조연'),(432,51,145,'주연'),(433,51,132,'감독'),(434,51,93,'감독'),(435,51,144,'감독'),(436,51,181,'주연'),(437,51,128,'감독'),(438,51,163,'감독'),(439,51,162,'주연'),(440,51,159,'주연'),(441,51,110,'감독'),(442,51,133,'주연'),(443,52,116,'조연'),(444,52,92,'조연'),(445,52,146,'조연'),(446,52,176,'감독'),(447,52,136,'주연'),(448,53,125,'조연'),(449,53,94,'감독'),(450,53,151,'감독'),(451,53,114,'주연'),(452,53,134,'주연'),(453,53,140,'조연'),(454,53,147,'감독'),(455,53,122,'감독'),(456,53,112,'조연'),(457,53,180,'주연'),(458,53,150,'조연'),(459,53,170,'조연'),(460,56,174,'감독'),(461,56,102,'주연'),(462,56,183,'조연'),(463,56,123,'주연'),(464,56,169,'감독'),(465,56,154,'조연'),(466,56,128,'감독'),(467,56,96,'감독'),(468,56,171,'주연'),(469,56,136,'감독'),(470,56,184,'조연'),(471,56,159,'주연'),(472,56,112,'조연'),(473,57,123,'주연'),(474,57,87,'조연'),(475,57,121,'주연'),(476,57,93,'감독'),(477,57,162,'조연'),(478,57,125,'조연'),(479,57,95,'감독'),(480,57,102,'감독'),(481,57,101,'감독'),(482,57,131,'감독'),(483,57,146,'조연'),(484,57,182,'감독'),(485,57,169,'감독'),(486,57,92,'감독'),(487,57,86,'주연'),(489,57,110,'조연'),(490,58,150,'감독'),(491,58,109,'주연'),(492,60,94,'감독'),(493,60,131,'감독'),(494,60,104,'감독'),(495,60,112,'감독'),(496,60,137,'조연'),(497,60,152,'감독'),(498,60,150,'감독'),(499,60,126,'주연'),(500,60,113,'조연'),(501,60,147,'주연'),(502,60,161,'조연'),(503,60,100,'주연'),(504,60,117,'주연'),(505,60,148,'조연'),(506,60,136,'감독'),(507,60,93,'주연'),(508,61,95,'주연'),(509,61,90,'조연'),(510,61,121,'주연'),(511,61,136,'감독'),(512,61,128,'조연'),(513,61,182,'주연'),(514,61,111,'감독'),(515,61,169,'주연'),(516,61,125,'감독'),(517,61,180,'감독'),(518,61,132,'조연'),(519,61,181,'조연'),(520,61,97,'감독'),(521,61,139,'주연'),(522,62,178,'조연'),(523,62,113,'주연'),(524,62,155,'감독'),(525,62,150,'조연'),(527,62,168,'감독'),(528,62,182,'주연'),(529,62,89,'감독'),(530,62,94,'조연'),(531,62,106,'감독'),(532,62,87,'감독'),(533,62,174,'주연'),(534,62,156,'조연'),(535,62,112,'주연'),(536,62,184,'조연'),(537,62,176,'조연'),(538,62,146,'조연'),(539,63,183,'조연'),(540,63,129,'조연'),(541,63,128,'조연'),(542,63,148,'주연'),(543,63,144,'감독'),(544,64,141,'조연'),(545,64,142,'주연'),(546,64,162,'주연'),(547,65,110,'주연'),(548,65,141,'감독'),(549,65,178,'감독'),(550,65,135,'조연'),(551,65,111,'감독'),(552,65,167,'감독'),(553,65,124,'조연'),(554,65,104,'주연'),(555,65,165,'주연'),(556,65,113,'조연'),(557,65,120,'감독'),(558,65,129,'주연'),(559,65,166,'감독'),(560,66,179,'감독'),(561,66,140,'조연'),(562,66,100,'조연'),(563,66,125,'주연'),(564,66,149,'주연'),(565,66,131,'감독'),(566,66,157,'감독'),(567,66,86,'감독'),(568,66,173,'감독'),(569,66,111,'주연'),(570,66,178,'주연'),(571,66,103,'감독'),(572,66,89,'감독'),(573,66,138,'주연'),(574,66,142,'주연'),(575,66,182,'감독'),(576,67,175,'주연'),(577,67,184,'조연'),(578,67,160,'조연'),(579,67,99,'조연'),(580,67,104,'감독'),(581,67,107,'조연'),(582,67,100,'조연'),(583,67,176,'조연'),(584,67,128,'주연'),(585,67,156,'조연'),(586,68,98,'조연'),(587,69,113,'주연'),(588,69,152,'감독'),(589,69,180,'주연'),(590,69,89,'주연'),(591,69,139,'주연'),(592,69,115,'감독'),(593,69,143,'주연'),(594,69,184,'주연'),(595,69,126,'감독'),(596,69,102,'주연'),(597,69,145,'주연'),(598,69,101,'주연'),(599,70,180,'주연'),(600,70,97,'감독'),(601,70,168,'주연'),(602,70,96,'주연'),(603,70,102,'조연'),(604,70,178,'감독'),(605,71,167,'감독'),(606,71,111,'주연'),(607,71,146,'감독'),(608,71,128,'조연'),(609,71,132,'감독'),(610,71,92,'감독'),(611,71,90,'주연'),(612,71,180,'감독'),(613,71,103,'조연'),(614,72,122,'감독'),(615,72,128,'조연'),(616,73,115,'조연'),(617,73,157,'감독'),(618,73,124,'조연'),(619,73,113,'조연'),(620,73,180,'조연'),(621,73,174,'주연'),(622,73,98,'주연'),(623,73,118,'주연'),(624,73,156,'조연'),(625,73,175,'감독'),(626,73,185,'주연'),(627,73,135,'주연'),(628,73,93,'주연'),(630,73,122,'주연'),(631,73,131,'감독'),(632,73,127,'조연'),(633,73,168,'조연'),(634,73,167,'조연'),(635,74,171,'감독'),(636,74,149,'조연'),(637,74,131,'조연'),(638,74,180,'주연'),(639,74,166,'조연'),(640,74,177,'조연'),(641,74,108,'조연'),(642,74,165,'조연'),(643,74,105,'주연'),(644,74,151,'조연'),(645,74,107,'감독'),(646,74,113,'주연'),(647,74,121,'조연'),(648,74,172,'감독'),(649,74,139,'조연'),(650,74,164,'조연'),(651,75,92,'주연'),(652,75,154,'감독'),(653,75,174,'감독'),(654,75,116,'조연'),(655,75,166,'감독'),(656,75,168,'감독'),(657,76,118,'감독'),(658,76,130,'조연'),(659,76,169,'주연'),(660,76,92,'감독'),(661,76,128,'감독'),(662,76,112,'감독'),(663,76,113,'주연'),(664,76,100,'주연'),(665,76,90,'감독'),(666,76,94,'주연'),(667,76,99,'조연'),(668,76,151,'감독'),(669,76,163,'주연'),(670,76,115,'조연'),(671,76,147,'감독'),(672,76,161,'감독'),(673,76,122,'주연'),(674,76,132,'조연'),(675,77,153,'조연'),(676,77,125,'주연'),(677,77,171,'주연'),(678,77,136,'조연'),(679,77,105,'감독'),(680,77,170,'조연'),(681,77,157,'주연'),(682,77,145,'조연'),(683,77,121,'주연'),(684,77,115,'조연'),(685,77,184,'조연'),(686,77,102,'주연'),(687,77,172,'조연'),(688,77,124,'감독'),(689,77,134,'조연'),(690,77,150,'감독'),(691,77,112,'감독'),(692,77,128,'주연'),(693,78,103,'감독'),(694,78,166,'조연'),(695,78,136,'감독'),(696,78,88,'조연'),(697,78,94,'감독'),(698,78,149,'조연'),(699,78,144,'조연'),(700,78,97,'조연'),(701,79,165,'감독'),(702,79,124,'조연'),(703,79,93,'주연'),(704,79,108,'조연'),(705,79,154,'조연'),(706,80,101,'주연'),(707,80,130,'주연'),(708,81,174,'감독'),(709,81,138,'감독'),(710,81,126,'주연'),(712,82,139,'감독'),(713,83,180,'감독'),(714,83,167,'주연'),(715,83,150,'주연'),(716,83,107,'조연'),(717,83,86,'조연'),(718,83,123,'감독'),(719,84,131,'조연'),(720,84,164,'주연'),(721,84,175,'감독'),(722,84,95,'감독'),(723,84,118,'감독'),(724,84,148,'주연'),(725,84,142,'주연'),(726,84,150,'주연'),(727,84,103,'감독'),(728,84,119,'조연'),(729,84,88,'조연'),(730,84,184,'조연'),(731,84,100,'감독'),(732,84,152,'조연'),(733,84,147,'주연'),(734,84,162,'감독'),(735,84,121,'감독'),(736,84,114,'조연'),(737,84,174,'감독'),(738,85,157,'주연'),(739,85,90,'주연'),(740,85,106,'주연'),(741,85,185,'조연'),(742,85,164,'감독'),(743,85,180,'감독'),(744,85,173,'주연'),(745,85,117,'감독'),(746,85,145,'조연'),(747,85,162,'조연'),(748,85,136,'감독'),(749,86,100,'주연'),(750,86,119,'주연'),(751,86,179,'조연'),(752,86,148,'주연'),(753,86,168,'주연'),(754,86,128,'조연'),(755,86,108,'주연'),(756,86,120,'조연'),(757,86,118,'주연'),(758,86,88,'감독'),(759,86,160,'주연'),(760,86,98,'감독'),(761,87,178,'주연'),(762,87,109,'감독'),(763,87,164,'감독'),(764,87,168,'조연'),(765,87,125,'감독'),(766,87,131,'조연'),(767,87,145,'감독'),(768,87,90,'감독'),(769,87,115,'주연'),(770,87,139,'감독'),(771,87,149,'주연'),(772,87,127,'조연'),(773,87,161,'감독'),(774,87,176,'조연'),(775,87,175,'조연'),(776,88,98,'감독'),(777,88,106,'감독'),(778,88,174,'주연'),(779,88,125,'조연'),(780,88,143,'감독'),(781,88,159,'감독'),(782,88,118,'감독'),(783,88,133,'조연'),(784,89,95,'조연'),(785,89,120,'감독'),(786,89,90,'조연'),(787,89,89,'감독'),(788,89,114,'조연'),(789,89,129,'감독'),(790,89,118,'감독'),(791,89,117,'조연'),(792,89,119,'주연'),(793,89,141,'주연'),(794,89,97,'주연'),(795,89,126,'감독'),(796,89,169,'감독'),(797,89,183,'조연'),(798,89,181,'주연'),(799,89,125,'감독'),(800,90,171,'주연'),(801,90,116,'감독'),(802,90,149,'조연'),(803,90,152,'감독'),(804,90,94,'조연'),(805,90,86,'주연'),(807,90,164,'감독'),(808,90,115,'감독'),(809,90,143,'주연'),(810,90,120,'주연'),(811,90,114,'감독'),(812,90,97,'주연'),(813,90,110,'감독'),(814,90,163,'주연'),(815,90,173,'주연'),(816,90,93,'조연'),(817,91,125,'주연'),(818,92,180,'감독'),(819,92,108,'조연'),(820,92,155,'주연'),(821,93,130,'주연'),(822,93,113,'조연'),(823,93,181,'감독'),(824,93,131,'감독'),(825,93,134,'감독'),(826,93,112,'주연'),(827,94,121,'감독'),(829,94,108,'주연'),(830,95,109,'감독'),(831,95,127,'조연'),(832,95,150,'조연'),(833,95,171,'조연'),(834,95,89,'조연'),(835,95,140,'주연'),(836,95,158,'주연'),(837,95,102,'조연'),(838,95,119,'주연'),(839,95,105,'조연'),(840,95,161,'감독'),(841,95,147,'주연'),(842,95,151,'조연'),(843,95,94,'주연'),(845,95,154,'감독'),(846,96,170,'조연'),(847,96,176,'주연'),(848,96,93,'주연'),(849,96,132,'감독'),(850,96,174,'감독'),(851,96,185,'감독'),(852,96,101,'조연'),(853,96,96,'감독'),(854,96,144,'주연'),(855,96,161,'감독'),(856,96,159,'조연'),(857,96,160,'주연'),(858,96,138,'조연'),(859,96,100,'조연'),(860,96,99,'감독'),(861,97,184,'주연'),(862,97,126,'주연'),(863,97,103,'조연'),(864,97,148,'감독'),(865,97,99,'감독'),(866,97,106,'조연'),(867,97,166,'조연'),(868,97,124,'조연'),(869,97,133,'감독'),(870,97,169,'감독'),(871,97,171,'감독'),(872,97,150,'주연'),(873,97,114,'조연'),(874,97,119,'조연'),(875,97,167,'감독'),(876,97,96,'감독'),(877,97,86,'주연'),(878,97,115,'감독'),(879,98,92,'조연'),(880,98,139,'주연'),(881,98,95,'감독'),(882,98,138,'감독'),(883,98,176,'주연'),(884,98,185,'조연'),(885,98,172,'주연'),(886,98,160,'감독'),(887,98,125,'조연'),(888,98,170,'주연'),(889,98,109,'주연'),(890,99,135,'조연'),(891,99,141,'주연'),(892,99,180,'조연'),(893,99,117,'감독'),(894,100,107,'조연'),(895,100,146,'감독'),(896,100,145,'주연'),(897,100,89,'감독'),(899,100,141,'주연'),(900,100,175,'주연'),(901,100,182,'주연'),(902,100,106,'주연'),(903,100,171,'조연'),(904,100,122,'감독'),(905,100,147,'조연'),(906,100,120,'주연'),(907,100,183,'조연'),(908,100,90,'조연'),(909,100,149,'조연'),(910,101,155,'감독'),(911,101,179,'주연'),(912,101,164,'감독'),(913,101,106,'감독'),(914,101,167,'감독'),(915,101,142,'조연'),(916,101,178,'감독'),(917,101,103,'조연'),(918,102,147,'주연'),(919,102,158,'주연'),(920,102,165,'조연'),(921,102,142,'조연'),(922,102,160,'주연'),(923,102,150,'감독'),(924,102,137,'감독'),(925,102,180,'주연'),(926,102,124,'감독'),(927,102,135,'조연'),(928,102,98,'주연'),(929,102,123,'감독'),(930,102,104,'감독'),(931,102,151,'주연'),(932,102,149,'주연'),(933,102,129,'주연'),(934,103,118,'조연'),(935,103,103,'조연'),(936,103,126,'조연'),(937,103,140,'감독'),(938,103,178,'주연'),(939,103,100,'주연'),(940,103,139,'주연'),(941,103,142,'조연'),(942,103,111,'조연'),(943,103,152,'주연'),(944,103,180,'조연'),(945,103,149,'조연'),(946,103,150,'감독'),(947,103,105,'조연'),(948,103,166,'조연'),(949,104,95,'주연'),(950,104,169,'주연'),(951,104,161,'주연'),(952,104,178,'조연'),(953,104,88,'주연'),(954,104,176,'주연'),(955,5,142,'감독'),(956,5,99,'주연'),(957,5,158,'주연'),(958,5,151,'조연'),(959,5,94,'주연'),(960,5,148,'감독'),(961,5,113,'조연'),(962,5,92,'감독'),(963,5,101,'주연'),(964,5,175,'감독'),(965,5,127,'감독'),(966,5,125,'주연'),(967,5,132,'조연'),(968,5,120,'주연'),(969,6,183,'조연'),(970,6,106,'감독'),(971,6,162,'감독'),(972,6,109,'조연'),(973,6,151,'감독'),(974,6,173,'주연'),(975,6,86,'감독'),(976,6,112,'감독'),(977,7,166,'주연'),(978,7,87,'주연'),(979,7,151,'감독'),(980,7,121,'감독'),(981,7,124,'감독'),(982,7,149,'조연'),(983,7,101,'주연'),(984,7,182,'조연'),(985,7,116,'감독'),(986,7,181,'주연'),(987,7,123,'조연'),(988,7,102,'감독'),(989,7,141,'조연'),(990,8,137,'감독'),(991,8,166,'주연'),(992,8,151,'주연'),(993,8,164,'조연'),(994,8,182,'주연'),(995,8,120,'조연'),(996,8,86,'감독'),(997,8,108,'조연'),(998,9,161,'주연'),(999,9,103,'주연'),(1000,9,146,'감독'),(1001,10,153,'조연'),(1002,10,168,'조연'),(1003,10,126,'감독'),(1004,10,114,'감독'),(1005,11,88,'조연'),(1006,11,181,'조연'),(1008,11,171,'조연'),(1009,12,128,'주연'),(1010,12,90,'조연'),(1011,12,180,'감독'),(1012,12,162,'감독'),(1013,12,150,'조연'),(1014,12,160,'감독'),(1015,12,134,'감독'),(1016,13,183,'주연'),(1017,14,97,'주연'),(1018,14,156,'조연'),(1019,14,122,'감독'),(1020,14,107,'감독'),(1021,14,86,'조연'),(1022,14,153,'조연'),(1023,14,160,'감독'),(1024,14,126,'감독'),(1025,15,162,'조연'),(1026,16,182,'주연'),(1027,16,163,'주연'),(1028,16,123,'조연'),(1029,16,127,'조연'),(1030,16,97,'조연'),(1031,16,183,'감독'),(1032,16,119,'조연'),(1033,16,167,'조연'),(1034,17,101,'감독'),(1035,17,87,'조연'),(1036,17,125,'주연'),(1037,17,181,'주연'),(1038,17,175,'조연'),(1039,17,116,'감독'),(1040,17,109,'주연'),(1041,17,180,'주연'),(1042,17,132,'주연'),(1043,18,141,'감독'),(1044,18,143,'주연'),(1045,18,99,'주연'),(1046,18,172,'감독'),(1047,18,146,'조연'),(1048,18,153,'감독'),(1049,18,123,'조연'),(1050,18,170,'조연'),(1051,18,133,'조연'),(1052,19,155,'주연'),(1053,20,161,'조연'),(1054,20,127,'감독'),(1055,20,137,'조연'),(1056,20,125,'감독'),(1057,20,184,'주연'),(1058,21,97,'주연'),(1059,21,143,'조연'),(1060,21,171,'주연'),(1061,21,141,'조연'),(1062,21,149,'조연'),(1063,21,163,'주연'),(1064,21,120,'조연'),(1065,21,99,'주연'),(1066,22,129,'조연'),(1067,22,162,'주연'),(1068,22,103,'감독'),(1069,22,101,'조연'),(1070,22,169,'조연'),(1071,22,143,'조연'),(1072,22,105,'감독'),(1073,22,155,'주연'),(1074,23,153,'주연'),(1075,23,165,'조연'),(1076,23,182,'조연'),(1077,23,163,'감독'),(1078,23,129,'감독'),(1079,23,181,'주연'),(1080,23,101,'주연'),(1081,24,141,'감독'),(1082,24,185,'조연'),(1083,24,112,'주연'),(1084,24,106,'감독'),(1085,24,87,'감독'),(1086,24,90,'주연'),(1087,24,146,'주연'),(1088,24,157,'감독'),(1089,24,100,'감독'),(1090,24,165,'조연'),(1091,24,127,'조연'),(1092,24,114,'주연'),(1093,24,140,'감독'),(1094,24,133,'감독'),(1095,24,179,'감독'),(1096,25,158,'주연'),(1097,25,135,'감독'),(1098,25,157,'감독'),(1099,25,167,'주연'),(1100,25,159,'주연'),(1101,25,89,'감독'),(1102,25,97,'감독'),(1103,25,119,'감독'),(1104,25,174,'조연'),(1105,25,154,'감독'),(1106,25,170,'감독'),(1107,25,100,'주연'),(1108,25,131,'주연'),(1109,25,114,'주연'),(1110,25,110,'주연'),(1111,25,86,'주연'),(1112,25,156,'주연'),(1113,25,125,'주연'),(1114,26,106,'주연'),(1115,27,147,'감독'),(1116,27,103,'감독'),(1117,27,102,'감독'),(1118,27,155,'조연'),(1119,27,107,'주연'),(1120,27,146,'감독'),(1121,27,178,'감독'),(1122,27,104,'감독'),(1123,27,126,'주연'),(1124,27,87,'조연'),(1126,27,149,'주연'),(1127,28,90,'주연'),(1128,28,166,'감독'),(1129,28,128,'조연'),(1130,28,116,'조연'),(1131,28,129,'조연'),(1132,28,173,'주연'),(1133,28,157,'감독'),(1134,28,108,'조연'),(1135,28,94,'주연'),(1136,28,176,'주연'),(1137,28,111,'주연'),(1138,28,183,'주연'),(1139,28,156,'조연'),(1140,28,100,'주연'),(1141,28,163,'주연'),(1142,29,135,'감독'),(1143,29,179,'조연'),(1144,29,151,'감독'),(1145,29,176,'조연'),(1146,29,159,'감독'),(1147,29,114,'조연'),(1148,29,148,'조연'),(1149,29,154,'조연'),(1150,29,181,'주연'),(1151,29,94,'주연'),(1152,29,160,'감독'),(1153,29,96,'조연'),(1154,29,131,'주연'),(1155,30,161,'주연'),(1156,30,165,'조연'),(1157,30,86,'주연'),(1158,31,119,'주연'),(1159,31,172,'조연'),(1160,31,160,'주연'),(1161,31,180,'주연'),(1162,31,125,'주연'),(1163,31,98,'조연'),(1164,31,134,'조연'),(1165,31,140,'조연'),(1166,31,145,'조연'),(1167,31,168,'감독'),(1168,31,104,'주연'),(1169,31,109,'조연'),(1170,31,177,'감독'),(1171,31,136,'조연'),(1172,31,87,'주연'),(1173,31,107,'조연'),(1175,32,164,'감독'),(1176,32,97,'주연'),(1177,32,176,'주연'),(1178,32,113,'조연'),(1179,32,138,'주연'),(1180,33,105,'조연'),(1181,33,176,'조연'),(1182,33,124,'주연'),(1183,33,146,'감독'),(1184,34,170,'주연'),(1185,34,160,'감독'),(1186,34,175,'조연'),(1187,34,117,'조연'),(1188,34,161,'감독'),(1189,34,174,'감독'),(1190,34,98,'주연'),(1191,34,126,'주연'),(1192,35,129,'감독'),(1193,35,128,'조연'),(1194,35,160,'조연'),(1195,35,92,'감독'),(1196,35,126,'감독'),(1197,35,114,'주연'),(1198,35,93,'주연'),(1199,35,178,'감독'),(1200,35,127,'조연'),(1201,35,155,'주연'),(1202,35,132,'감독'),(1203,36,104,'조연'),(1204,36,114,'주연'),(1205,36,168,'감독'),(1206,37,167,'감독'),(1207,37,138,'주연'),(1208,37,140,'조연'),(1209,37,176,'감독'),(1210,37,112,'감독'),(1211,37,133,'감독'),(1212,37,102,'감독'),(1213,37,116,'주연'),(1214,37,121,'주연'),(1215,37,150,'주연'),(1216,37,143,'조연'),(1217,37,178,'조연'),(1218,37,114,'조연'),(1219,37,162,'감독'),(1220,37,135,'주연'),(1221,38,97,'주연'),(1222,39,103,'감독'),(1223,39,105,'조연'),(1224,39,155,'주연'),(1225,39,116,'주연'),(1226,39,141,'감독'),(1227,39,176,'감독'),(1228,39,134,'조연'),(1229,39,129,'조연'),(1230,39,122,'주연'),(1231,40,107,'감독'),(1232,40,124,'주연'),(1233,40,114,'조연'),(1234,40,156,'주연'),(1235,42,152,'감독'),(1236,42,179,'조연'),(1237,42,171,'감독'),(1238,42,117,'조연'),(1239,42,130,'주연'),(1240,42,146,'감독'),(1241,42,147,'주연'),(1242,42,95,'감독'),(1243,42,170,'주연'),(1244,42,96,'감독'),(1245,42,101,'조연'),(1246,43,164,'조연'),(1247,43,102,'조연'),(1248,43,176,'감독'),(1249,43,181,'감독'),(1250,43,130,'감독'),(1251,44,142,'조연'),(1252,44,166,'조연'),(1253,44,150,'조연'),(1254,44,147,'주연'),(1255,44,95,'감독'),(1256,44,185,'감독'),(1257,44,161,'감독'),(1258,44,96,'조연'),(1259,44,168,'주연'),(1260,44,122,'감독'),(1261,44,182,'감독'),(1262,44,124,'주연'),(1263,44,152,'주연'),(1264,44,127,'감독'),(1265,44,121,'조연'),(1266,44,157,'주연'),(1267,44,167,'주연'),(1268,45,128,'감독'),(1269,45,134,'주연'),(1270,45,112,'주연'),(1271,45,174,'감독'),(1272,45,122,'조연'),(1273,45,103,'주연'),(1274,45,163,'주연'),(1275,46,99,'조연'),(1276,46,89,'주연'),(1277,46,94,'감독'),(1278,46,168,'감독'),(1279,46,134,'감독'),(1280,46,139,'주연'),(1281,46,171,'조연'),(1282,46,137,'조연'),(1283,46,153,'주연'),(1284,46,158,'감독'),(1285,46,123,'조연'),(1286,46,143,'조연'),(1287,46,110,'조연'),(1288,46,88,'주연'),(1289,46,98,'감독'),(1290,46,127,'주연'),(1291,46,179,'조연'),(1292,47,112,'감독'),(1293,47,182,'주연'),(1294,47,161,'주연'),(1295,47,113,'감독'),(1296,47,168,'주연'),(1297,47,139,'감독'),(1298,47,92,'조연'),(1299,47,120,'조연'),(1300,48,127,'감독'),(1301,48,125,'주연'),(1302,48,146,'감독'),(1303,48,112,'주연'),(1304,49,177,'감독'),(1305,49,162,'주연'),(1306,49,153,'감독'),(1307,49,182,'조연'),(1308,49,170,'주연'),(1309,49,128,'조연'),(1310,50,112,'조연'),(1311,50,99,'주연'),(1312,50,169,'감독'),(1313,50,111,'감독'),(1314,50,134,'주연'),(1315,50,122,'감독'),(1316,50,94,'조연'),(1317,50,103,'주연'),(1318,50,156,'주연'),(1319,50,115,'주연'),(1320,50,96,'조연'),(1321,50,133,'주연'),(1322,50,114,'감독'),(1323,50,155,'조연'),(1324,51,181,'조연'),(1325,51,122,'주연'),(1326,51,140,'조연'),(1327,51,87,'감독'),(1328,51,118,'조연'),(1329,51,144,'주연'),(1330,51,143,'주연'),(1331,51,94,'감독'),(1332,51,130,'감독'),(1333,51,104,'주연'),(1334,51,168,'감독'),(1335,52,166,'조연'),(1336,52,174,'주연'),(1337,52,154,'주연'),(1338,52,183,'주연'),(1339,53,103,'조연'),(1340,53,109,'주연'),(1341,53,133,'감독'),(1342,53,95,'주연'),(1343,53,174,'감독'),(1344,54,100,'조연'),(1345,54,88,'주연'),(1346,54,172,'조연'),(1347,54,117,'감독'),(1348,54,143,'감독'),(1349,54,114,'주연'),(1350,54,135,'조연'),(1351,54,149,'조연'),(1352,54,133,'조연'),(1353,54,108,'감독'),(1354,54,125,'감독'),(1355,54,163,'감독'),(1356,54,158,'주연'),(1357,54,87,'조연'),(1358,54,140,'조연'),(1359,54,105,'감독'),(1360,54,151,'감독'),(1361,55,185,'주연'),(1363,55,88,'조연'),(1364,55,171,'감독'),(1365,55,149,'주연'),(1366,55,128,'감독'),(1367,55,117,'감독'),(1368,55,100,'감독'),(1369,55,94,'조연'),(1370,55,140,'주연'),(1371,55,92,'감독'),(1372,55,164,'조연'),(1373,55,157,'주연'),(1374,55,115,'감독'),(1375,55,175,'조연'),(1376,55,180,'주연'),(1377,55,127,'주연'),(1378,56,159,'주연'),(1379,56,163,'감독'),(1380,56,173,'주연'),(1381,56,165,'감독'),(1382,56,176,'조연'),(1383,56,126,'감독'),(1384,56,148,'주연'),(1385,56,107,'감독'),(1386,56,100,'감독'),(1387,56,146,'주연'),(1388,56,166,'주연'),(1389,56,171,'조연'),(1390,56,155,'조연'),(1391,56,121,'조연'),(1392,56,95,'주연'),(1393,57,165,'주연'),(1394,57,123,'조연'),(1395,57,182,'주연'),(1396,57,92,'조연'),(1397,57,176,'감독'),(1398,57,137,'감독'),(1399,57,105,'주연'),(1400,57,88,'감독'),(1401,57,111,'주연'),(1402,57,177,'감독'),(1403,57,179,'주연'),(1404,57,139,'감독'),(1405,57,112,'주연'),(1406,57,181,'감독'),(1407,58,118,'주연'),(1408,58,167,'감독'),(1409,58,153,'주연'),(1410,58,86,'주연'),(1411,58,126,'조연'),(1412,58,105,'감독'),(1413,58,106,'조연'),(1414,58,145,'주연'),(1415,59,94,'주연'),(1416,59,151,'주연'),(1417,59,150,'주연'),(1418,60,175,'감독'),(1419,60,149,'조연'),(1420,60,126,'주연'),(1421,60,145,'감독'),(1422,60,152,'주연'),(1423,60,173,'감독'),(1424,60,151,'감독'),(1425,61,182,'주연'),(1426,61,120,'감독'),(1427,61,99,'주연'),(1428,61,112,'감독'),(1429,61,140,'조연'),(1430,61,114,'감독'),(1431,61,181,'조연'),(1432,61,89,'감독'),(1433,61,180,'조연'),(1434,61,145,'조연'),(1435,61,151,'주연'),(1436,61,128,'감독'),(1437,62,142,'조연'),(1438,62,116,'감독'),(1439,62,103,'주연'),(1440,62,171,'주연'),(1441,62,122,'조연'),(1442,62,184,'감독'),(1443,62,169,'감독'),(1444,62,179,'주연'),(1445,62,123,'감독'),(1446,62,143,'조연'),(1447,62,162,'감독'),(1448,62,112,'주연'),(1449,62,90,'주연'),(1450,62,134,'주연'),(1451,62,163,'조연'),(1452,62,93,'주연'),(1453,64,166,'주연'),(1454,64,109,'감독'),(1455,64,159,'주연'),(1456,64,182,'감독'),(1457,64,169,'조연'),(1458,66,126,'감독'),(1459,66,176,'감독'),(1460,66,124,'주연'),(1461,66,174,'주연'),(1462,66,146,'감독'),(1463,66,113,'주연'),(1464,66,149,'조연'),(1465,66,94,'조연'),(1466,66,177,'감독'),(1467,66,112,'조연'),(1468,66,127,'조연'),(1469,66,136,'조연'),(1470,67,101,'조연'),(1471,67,164,'주연'),(1472,67,157,'감독'),(1473,67,112,'감독'),(1474,67,178,'주연'),(1475,67,162,'감독'),(1476,68,184,'조연'),(1477,68,100,'조연'),(1478,68,160,'조연'),(1479,68,96,'주연'),(1480,68,180,'감독'),(1481,68,178,'주연'),(1483,68,154,'조연'),(1484,68,157,'조연'),(1485,68,104,'주연'),(1486,68,142,'주연'),(1487,68,141,'감독'),(1488,68,183,'주연'),(1489,68,132,'감독'),(1490,68,153,'주연'),(1491,68,158,'주연'),(1492,68,108,'주연'),(1493,69,173,'주연'),(1494,69,141,'감독'),(1495,69,142,'조연'),(1496,70,143,'주연'),(1497,70,165,'감독'),(1498,70,120,'감독'),(1499,70,133,'조연'),(1500,70,139,'조연'),(1501,71,143,'감독'),(1502,71,171,'주연'),(1503,71,98,'감독'),(1504,71,159,'조연'),(1505,71,109,'감독'),(1506,71,137,'주연'),(1507,71,182,'주연'),(1508,72,151,'조연'),(1509,72,105,'주연'),(1510,72,152,'주연'),(1511,72,96,'감독'),(1512,72,94,'조연'),(1513,72,126,'조연'),(1514,72,88,'감독'),(1515,72,184,'감독'),(1516,72,167,'감독'),(1517,72,97,'조연'),(1518,72,103,'감독'),(1519,72,117,'조연'),(1520,72,133,'감독'),(1521,74,157,'주연'),(1522,74,184,'감독'),(1523,74,135,'주연'),(1524,74,156,'감독'),(1525,74,96,'조연'),(1526,74,174,'감독'),(1527,74,162,'조연'),(1528,74,121,'감독'),(1529,74,102,'감독'),(1530,74,179,'감독'),(1531,74,170,'주연'),(1532,75,92,'주연'),(1533,75,99,'감독'),(1534,75,137,'주연'),(1535,75,89,'조연'),(1536,75,127,'조연'),(1537,75,135,'주연'),(1538,75,183,'주연'),(1539,75,155,'조연'),(1540,75,172,'주연'),(1541,75,113,'주연'),(1542,76,166,'조연'),(1543,76,114,'감독'),(1544,76,164,'감독'),(1545,76,185,'감독'),(1546,76,157,'조연'),(1547,76,168,'감독'),(1548,76,121,'조연'),(1549,76,183,'주연'),(1550,76,137,'감독'),(1551,76,162,'주연'),(1552,76,118,'조연'),(1553,76,145,'조연'),(1554,77,113,'감독'),(1555,77,170,'주연'),(1556,77,178,'감독'),(1557,77,132,'조연'),(1558,77,148,'주연'),(1559,77,179,'주연'),(1560,77,137,'조연'),(1561,77,106,'주연'),(1562,77,100,'주연'),(1563,78,113,'조연'),(1564,78,97,'주연'),(1565,78,128,'감독'),(1566,78,125,'조연'),(1567,79,183,'조연'),(1568,79,126,'주연'),(1569,79,105,'조연'),(1570,79,125,'조연'),(1571,79,166,'조연'),(1572,79,117,'주연'),(1573,79,121,'조연'),(1574,79,153,'주연'),(1575,79,87,'주연'),(1576,79,155,'조연'),(1577,79,123,'주연'),(1578,79,164,'주연'),(1579,80,171,'감독'),(1580,80,95,'주연'),(1581,80,127,'주연'),(1582,80,152,'주연'),(1583,80,158,'감독'),(1584,80,142,'감독'),(1585,80,119,'조연'),(1586,80,178,'조연'),(1587,80,175,'주연'),(1588,80,94,'주연'),(1589,81,145,'조연'),(1590,81,112,'감독'),(1591,82,163,'감독'),(1592,83,142,'주연'),(1593,83,90,'감독'),(1594,83,125,'주연'),(1595,84,122,'주연'),(1596,84,88,'감독'),(1597,84,131,'조연'),(1598,84,125,'감독'),(1599,84,116,'감독'),(1600,84,132,'조연'),(1601,84,121,'조연'),(1602,84,106,'주연'),(1603,84,149,'감독'),(1604,84,152,'주연'),(1605,84,161,'주연'),(1606,84,89,'조연'),(1607,84,109,'감독'),(1608,85,172,'감독'),(1609,85,135,'주연'),(1610,85,115,'감독'),(1611,85,125,'조연'),(1612,85,163,'조연'),(1613,85,180,'조연'),(1614,85,164,'감독'),(1615,85,89,'주연'),(1616,85,110,'조연'),(1617,85,119,'주연'),(1618,85,182,'감독'),(1619,85,183,'주연'),(1620,85,98,'감독'),(1621,85,112,'주연'),(1622,85,103,'주연'),(1623,85,184,'조연'),(1624,85,144,'조연'),(1625,85,123,'조연'),(1626,86,157,'감독'),(1627,86,145,'조연'),(1628,86,158,'주연'),(1629,86,89,'감독'),(1630,86,150,'조연'),(1631,86,160,'감독'),(1632,86,144,'감독'),(1633,86,103,'주연'),(1634,86,180,'감독'),(1635,86,125,'조연'),(1636,86,87,'감독'),(1637,87,92,'주연'),(1638,87,133,'주연'),(1639,87,182,'주연'),(1640,87,117,'조연'),(1641,87,127,'조연'),(1642,87,134,'조연'),(1643,87,118,'조연'),(1644,87,106,'감독'),(1645,88,154,'감독'),(1646,88,179,'조연'),(1647,88,166,'조연'),(1648,88,149,'조연'),(1649,88,115,'조연'),(1650,88,90,'조연'),(1651,88,180,'감독'),(1652,88,88,'조연'),(1653,88,87,'감독'),(1654,88,168,'감독'),(1655,88,100,'주연'),(1656,88,86,'주연'),(1657,88,95,'조연'),(1658,88,126,'감독'),(1659,88,127,'감독'),(1660,89,179,'주연'),(1661,89,94,'조연'),(1662,89,150,'감독'),(1663,89,142,'조연'),(1664,89,124,'조연'),(1665,89,116,'조연'),(1666,89,103,'감독'),(1667,89,169,'감독'),(1668,89,166,'주연'),(1669,89,131,'감독'),(1670,89,177,'주연'),(1671,89,140,'조연'),(1672,89,126,'감독'),(1673,89,95,'조연'),(1674,89,158,'주연'),(1675,89,113,'조연'),(1676,90,125,'조연'),(1677,90,110,'주연'),(1678,90,140,'감독'),(1679,90,185,'감독'),(1680,90,138,'감독'),(1681,90,96,'감독'),(1682,90,178,'주연'),(1683,90,157,'감독'),(1684,90,150,'주연'),(1685,90,95,'조연'),(1686,91,168,'조연'),(1687,91,99,'주연'),(1688,91,94,'주연'),(1689,91,142,'주연'),(1690,91,171,'감독'),(1691,91,87,'주연'),(1692,91,180,'조연'),(1693,91,149,'조연'),(1694,91,115,'주연'),(1695,91,143,'주연'),(1696,91,144,'주연'),(1697,91,123,'주연'),(1698,92,164,'조연'),(1699,92,148,'조연'),(1700,92,178,'감독'),(1701,92,92,'감독'),(1702,92,138,'조연'),(1703,92,128,'감독'),(1704,93,136,'조연'),(1705,93,109,'주연'),(1706,93,160,'조연'),(1707,93,89,'조연'),(1708,93,166,'감독'),(1709,93,90,'감독'),(1710,93,176,'감독'),(1711,93,110,'조연'),(1712,94,119,'주연'),(1713,94,86,'감독'),(1714,94,150,'감독'),(1715,94,130,'조연'),(1716,94,90,'감독'),(1717,94,151,'주연'),(1718,94,127,'주연'),(1719,94,145,'주연'),(1720,94,122,'감독'),(1721,94,175,'주연'),(1722,94,140,'조연'),(1723,94,89,'감독'),(1724,94,129,'감독'),(1725,94,174,'조연'),(1726,94,158,'주연'),(1727,94,125,'주연'),(1728,95,108,'감독'),(1729,95,116,'주연'),(1731,95,118,'주연'),(1732,96,176,'감독'),(1733,97,155,'감독'),(1734,97,100,'조연'),(1735,97,106,'조연'),(1736,97,146,'감독'),(1737,97,144,'조연'),(1738,97,104,'조연'),(1739,97,135,'감독'),(1740,97,172,'조연'),(1741,97,143,'주연'),(1742,97,169,'주연'),(1743,97,112,'주연'),(1744,97,181,'감독'),(1745,97,157,'감독'),(1746,97,142,'주연'),(1747,97,177,'조연'),(1748,98,88,'조연'),(1749,98,165,'조연'),(1750,98,153,'조연'),(1751,98,125,'주연'),(1752,99,94,'조연'),(1753,99,183,'주연'),(1754,99,159,'감독'),(1755,99,93,'감독'),(1756,99,161,'조연'),(1757,99,182,'감독'),(1758,99,125,'주연'),(1759,99,175,'감독'),(1760,99,122,'감독'),(1761,99,155,'감독'),(1762,99,148,'조연'),(1763,99,108,'감독'),(1764,99,123,'조연'),(1765,99,141,'감독'),(1766,99,113,'감독'),(1767,99,114,'주연'),(1768,99,128,'주연'),(1769,100,87,'감독'),(1770,100,172,'주연'),(1771,100,115,'감독'),(1772,100,150,'주연'),(1773,100,100,'감독'),(1774,100,184,'주연'),(1776,100,99,'감독'),(1777,100,163,'주연'),(1778,100,130,'조연'),(1779,100,103,'주연'),(1780,100,137,'조연'),(1781,101,163,'감독'),(1782,101,94,'조연'),(1783,101,87,'조연'),(1784,101,169,'감독'),(1785,101,102,'조연'),(1786,101,177,'조연'),(1787,101,162,'주연'),(1788,101,160,'주연'),(1789,101,128,'조연'),(1790,101,154,'주연'),(1791,101,150,'조연'),(1792,101,155,'조연'),(1793,101,108,'주연'),(1794,101,115,'감독'),(1795,101,114,'조연'),(1796,101,139,'감독'),(1797,102,160,'조연'),(1798,102,135,'주연'),(1799,104,106,'주연'),(1800,104,99,'감독');
/*!40000 ALTER TABLE `creator_movie_connection` ENABLE KEYS */;
UNLOCK TABLES;

--
-- Table structure for table `movie_award_connection`
--

DROP TABLE IF EXISTS `movie_award_connection`;
/*!40101 SET @saved_cs_client     = @@character_set_client */;
/*!50503 SET character_set_client = utf8mb4 */;
CREATE TABLE `movie_award_connection` (
  `mac_seq` bigint NOT NULL AUTO_INCREMENT,
  `mac_mi_seq` bigint NOT NULL,
  `mac_ai_seq` bigint NOT NULL,
  PRIMARY KEY (`mac_seq`),
  KEY `mac_mi_seq` (`mac_mi_seq`),
  KEY `mac_ai_seq` (`mac_ai_seq`),
  CONSTRAINT `movie_award_connection_ibfk_1` FOREIGN KEY (`mac_mi_seq`) REFERENCES `movie_info` (`mi_seq`) ON DELETE CASCADE,
  CONSTRAINT `movie_award_connection_ibfk_2` FOREIGN KEY (`mac_ai_seq`) REFERENCES `award_info` (`ai_seq`) ON DELETE CASCADE
) ENGINE=InnoDB AUTO_INCREMENT=72 DEFAULT CHARSET=utf8mb4 COLLATE=utf8mb4_0900_ai_ci;
/*!40101 SET character_set_client = @saved_cs_client */;

--
-- Dumping data for table `movie_award_connection`
--

LOCK TABLES `movie_award_connection` WRITE;
/*!40000 ALTER TABLE `movie_award_connection` DISABLE KEYS */;
INSERT INTO `movie_award_connection` VALUES (3,144,2),(4,176,2),(5,146,2),(6,89,2),(8,95,2),(9,153,2),(10,184,2),(11,100,2),(12,121,9),(13,166,9),(14,152,9),(15,103,9),(16,169,9),(17,177,10),(18,101,11),(19,86,11),(20,118,16),(21,168,16),(22,109,16),(23,142,16),(24,88,16),(25,143,16),(27,125,16),(28,155,16),(29,113,17),(30,172,18),(31,104,18),(32,124,18),(33,96,18),(34,88,18),(35,114,18),(36,171,19),(37,123,19),(38,150,19),(39,97,19),(40,117,19),(41,162,19),(42,182,19),(43,129,19),(44,180,19),(45,158,21),(46,178,21),(47,154,21),(48,181,21),(49,180,21),(50,134,21),(51,146,21),(52,120,30),(53,122,30),(54,175,30),(55,161,30),(56,111,30),(57,153,32),(58,116,32),(59,136,32),(60,103,32),(61,141,32),(62,178,32),(63,102,32),(64,132,32),(65,97,32),(66,185,33),(67,152,33),(68,148,33),(69,98,33),(70,160,33),(71,184,34);
/*!40000 ALTER TABLE `movie_award_connection` ENABLE KEYS */;
UNLOCK TABLES;

--
-- Table structure for table `movie_info`
--

DROP TABLE IF EXISTS `movie_info`;
/*!40101 SET @saved_cs_client     = @@character_set_client */;
/*!50503 SET character_set_client = utf8mb4 */;
CREATE TABLE `movie_info` (
  `mi_seq` bigint NOT NULL AUTO_INCREMENT,
  `mi_attendance` int NOT NULL,
  `mi_reg_dt` date NOT NULL,
  `mi_title` text NOT NULL,
  `mi_price` int NOT NULL,
  `mi_contry` varchar(255) NOT NULL,
  `mi_genre` varchar(50) NOT NULL,
  `mi_com_seq` bigint NOT NULL,
  PRIMARY KEY (`mi_seq`),
  KEY `mi_com_seq` (`mi_com_seq`),
  CONSTRAINT `movie_info_ibfk_1` FOREIGN KEY (`mi_com_seq`) REFERENCES `company_info` (`com_seq`) ON DELETE CASCADE
) ENGINE=InnoDB AUTO_INCREMENT=198 DEFAULT CHARSET=utf8mb4 COLLATE=utf8mb4_0900_ai_ci;
/*!40101 SET character_set_client = @saved_cs_client */;

--
-- Dumping data for table `movie_info`
--

LOCK TABLES `movie_info` WRITE;
/*!40000 ALTER TABLE `movie_info` DISABLE KEYS */;
INSERT INTO `movie_info` VALUES (86,13426044,'2023-04-28','영화이름0',61413197,'한국','음악',4),(87,7041545,'2023-04-28','영화이름1',65321970,'한국','액션',4),(88,199149,'2023-04-28','영화이름2',84179981,'한국','스릴러',4),(89,4816660,'2023-04-28','영화이름3',64591314,'한국','공포',4),(90,2598305,'2023-04-28','영화이름4',21417357,'한국','스릴러',4),(92,11194894,'2023-04-28','영화이름6',32884537,'한국','스릴러',4),(93,11796201,'2023-04-28','영화이름7',80723732,'한국','뮤지컬',4),(94,9395372,'2023-04-28','영화이름8',26631148,'한국','액션',4),(95,17435986,'2023-04-28','영화이름9',62424821,'한국','코미디',4),(96,9083182,'2023-04-28','영화이름10',6187878,'한국','SF',4),(97,11259474,'2023-04-28','영화이름11',78465564,'한국','로맨스',4),(98,7145843,'2023-04-28','영화이름12',12799630,'한국','전쟁',4),(99,2380867,'2023-04-28','영화이름13',26853254,'한국','전쟁',4),(100,17887831,'2023-04-28','영화이름14',45834137,'한국','멜로',4),(101,19499246,'2023-04-28','영화이름15',35676952,'한국','로맨스',4),(102,1193150,'2023-04-28','영화이름16',47721614,'한국','스포츠',4),(103,17481869,'2023-04-28','영화이름17',4206031,'한국','범죄',4),(104,1789747,'2023-04-28','영화이름18',21128685,'한국','음악',4),(105,4822566,'2023-04-28','영화이름19',4837784,'한국','코미디',4),(106,1081250,'2023-04-28','영화이름20',5542524,'한국','로맨스',4),(107,16731721,'2023-04-28','영화이름21',25853248,'한국','전쟁',4),(108,19749744,'2023-04-28','영화이름22',78038719,'한국','판타지',4),(109,18165093,'2023-04-28','영화이름23',49100494,'한국','멜로',4),(110,16696610,'2023-04-28','영화이름24',58729127,'한국','뮤지컬',4),(111,1274481,'2023-04-28','영화이름25',99009786,'한국','전쟁',4),(112,7876728,'2023-04-28','영화이름26',95233548,'한국','음악',4),(113,2564087,'2023-04-28','영화이름27',69755215,'한국','전쟁',4),(114,17194616,'2023-04-28','영화이름28',72491776,'한국','범죄',4),(115,6462134,'2023-04-28','영화이름29',35912508,'한국','로맨스',4),(116,10869368,'2023-04-28','영화이름30',44330204,'한국','공포',4),(117,4068148,'2023-04-28','영화이름31',78622916,'한국','음악',4),(118,16538535,'2023-04-28','영화이름32',11419800,'한국','음악',4),(119,18512025,'2023-04-28','영화이름33',14058233,'한국','멜로',4),(120,8859373,'2023-04-28','영화이름34',76610001,'한국','공포',4),(121,11661861,'2023-04-28','영화이름35',93892126,'한국','스릴러',5),(122,14479150,'2023-04-28','영화이름36',93095627,'한국','판타지',5),(123,10843236,'2023-04-28','영화이름37',58518138,'한국','멜로',5),(124,10984515,'2023-04-28','영화이름38',83471661,'한국','범죄',5),(125,18783457,'2023-04-28','영화이름39',62914903,'한국','음악',5),(126,6803185,'2023-04-28','영화이름40',48453326,'한국','범죄',5),(127,15170058,'2023-04-28','영화이름41',62344192,'한국','전쟁',5),(128,12019500,'2023-04-28','영화이름42',2886636,'한국','스릴러',5),(129,4013605,'2023-04-28','영화이름43',40477659,'한국','전쟁',5),(130,3678670,'2023-04-28','영화이름44',73647127,'한국','스릴러',5),(131,7430653,'2023-04-28','영화이름45',86083254,'한국','범죄',5),(132,13392839,'2023-04-28','영화이름46',69122268,'한국','스포츠',5),(133,13513490,'2023-04-28','영화이름47',76062435,'한국','멜로',5),(134,19925339,'2023-04-28','영화이름48',83195600,'한국','액션',5),(135,13629059,'2023-04-28','영화이름49',2414476,'한국','로맨스',5),(136,7816678,'2023-04-28','영화이름1',288244370,'한국','판타지',5),(137,13719009,'2023-04-28','영화이름2',938254072,'한국','공포',5),(138,18581157,'2023-04-28','영화이름3',751162295,'한국','스릴러',5),(139,16781135,'2023-04-28','영화이름4',883357793,'한국','스포츠',5),(140,2440716,'2023-04-28','영화이름5',203323179,'한국','SF',5),(141,295499,'2023-04-28','영화이름6',326983869,'한국','액션',6),(142,8959080,'2023-04-28','영화이름7',262475545,'한국','멜로',6),(143,3095097,'2023-04-28','영화이름8',121909914,'한국','범죄',6),(144,13452376,'2023-04-28','영화이름9',185265905,'한국','액션',6),(145,12079083,'2023-04-28','영화이름10',661078457,'한국','공포',6),(146,3706188,'2023-04-28','영화이름11',601423051,'한국','판타지',6),(147,17985688,'2023-04-28','영화이름12',306720367,'한국','뮤지컬',6),(148,16004448,'2023-04-28','영화이름13',51646524,'한국','스포츠',6),(149,8602294,'2023-04-28','영화이름14',320097235,'한국','코미디',6),(150,14147548,'2023-04-28','영화이름15',838507420,'한국','코미디',6),(151,5521672,'2023-04-28','영화이름16',317283767,'한국','스릴러',6),(152,6406573,'2023-04-28','영화이름17',864708029,'한국','코미디',6),(153,7135414,'2023-04-28','영화이름18',832075573,'한국','판타지',6),(154,12255067,'2023-04-28','영화이름19',329336647,'한국','음악',6),(155,2762642,'2023-04-28','영화이름20',654021431,'한국','뮤지컬',6),(156,3239316,'2023-04-28','영화이름21',380292364,'한국','범죄',6),(157,10644098,'2023-04-28','영화이름22',227743394,'한국','범죄',6),(158,10492631,'2023-04-28','영화이름23',79844147,'한국','전쟁',6),(159,5988734,'2023-04-28','영화이름24',549122247,'한국','전쟁',6),(160,15168657,'2023-04-28','영화이름25',330327221,'한국','판타지',6),(161,4341982,'2023-04-28','영화이름26',674589724,'한국','로맨스',7),(162,17463256,'2023-04-28','영화이름27',728269074,'한국','판타지',7),(163,10251892,'2023-04-28','영화이름28',171682791,'한국','판타지',7),(164,14914068,'2023-04-28','영화이름29',667776401,'한국','범죄',7),(165,11541373,'2023-04-28','영화이름30',582179978,'한국','SF',7),(166,11311351,'2023-04-28','영화이름31',397803194,'한국','음악',7),(167,15451784,'2023-04-28','영화이름32',243552956,'한국','판타지',7),(168,3823263,'2023-04-28','영화이름33',152959705,'한국','음악',7),(169,4505173,'2023-04-28','영화이름34',620131571,'한국','멜로',7),(170,17833251,'2023-04-28','영화이름35',923810416,'한국','전쟁',7),(171,17139496,'2023-04-28','영화이름36',632293490,'한국','멜로',7),(172,16506775,'2023-04-28','영화이름37',910148799,'한국','로맨스',7),(173,11003136,'2023-04-28','영화이름38',340154854,'한국','뮤지컬',7),(174,5249106,'2023-04-28','영화이름39',209525415,'한국','코미디',7),(175,5252147,'2023-04-28','영화이름40',737651507,'한국','뮤지컬',7),(176,19985461,'2023-04-28','영화이름41',833345022,'한국','스릴러',7),(177,2275603,'2023-04-28','영화이름42',343564890,'한국','멜로',7),(178,12589294,'2023-04-28','영화이름43',714137429,'한국','공포',7),(179,18981525,'2023-04-28','영화이름44',737960470,'한국','스릴러',7),(180,6804078,'2023-04-28','영화이름45',970145845,'한국','전쟁',7),(181,13107836,'2023-04-28','영화이름46',185670984,'한국','로맨스',7),(182,13648441,'2023-04-28','영화이름47',327165679,'한국','코미디',7),(183,10979887,'2023-04-28','영화이름48',12870512,'한국','액션',7),(184,6564053,'2023-04-28','영화이름49',262605696,'한국','음악',7),(185,9718061,'2023-04-28','영화이름50',458449623,'한국','로맨스',8);
/*!40000 ALTER TABLE `movie_info` ENABLE KEYS */;
UNLOCK TABLES;

--
-- Table structure for table `review_info`
--

DROP TABLE IF EXISTS `review_info`;
/*!40101 SET @saved_cs_client     = @@character_set_client */;
/*!50503 SET character_set_client = utf8mb4 */;
CREATE TABLE `review_info` (
  `ri_seq` bigint NOT NULL AUTO_INCREMENT,
  `ri_created` datetime NOT NULL DEFAULT CURRENT_TIMESTAMP,
  `ri_coment` text NOT NULL,
  `ri_rate` int NOT NULL,
  `ri_ui_seq` bigint NOT NULL,
  `ri_mi_seq` bigint NOT NULL,
  PRIMARY KEY (`ri_seq`),
  KEY `review_info_ibfk_2` (`ri_mi_seq`),
  KEY `review_info_ibfk_1` (`ri_ui_seq`),
  CONSTRAINT `review_info_ibfk_1` FOREIGN KEY (`ri_ui_seq`) REFERENCES `user_info` (`ui_seq`) ON DELETE CASCADE ON UPDATE RESTRICT,
  CONSTRAINT `review_info_ibfk_2` FOREIGN KEY (`ri_mi_seq`) REFERENCES `movie_info` (`mi_seq`) ON DELETE CASCADE ON UPDATE RESTRICT
) ENGINE=InnoDB AUTO_INCREMENT=536 DEFAULT CHARSET=utf8mb4 COLLATE=utf8mb4_0900_ai_ci;
/*!40101 SET character_set_client = @saved_cs_client */;

--
-- Dumping data for table `review_info`
--

LOCK TABLES `review_info` WRITE;
/*!40000 ALTER TABLE `review_info` DISABLE KEYS */;
INSERT INTO `review_info` VALUES (63,'2023-04-28 09:55:53','리뷰내용1',1,72,119),(64,'2023-04-28 09:55:53','리뷰내용2',2,72,152),(65,'2023-04-28 09:55:53','리뷰내용3',5,72,157),(66,'2023-04-28 09:55:53','리뷰내용4',10,72,156),(67,'2023-04-28 09:55:53','리뷰내용0',1,73,126),(68,'2023-04-28 09:55:53','리뷰내용1',9,73,86),(69,'2023-04-28 09:55:53','리뷰내용2',3,73,161),(70,'2023-04-28 09:55:53','리뷰내용3',5,73,116),(71,'2023-04-28 09:55:53','리뷰내용4',8,73,132),(72,'2023-04-28 09:55:53','리뷰내용5',4,73,154),(73,'2023-04-28 09:55:53','리뷰내용6',6,73,174),(74,'2023-04-28 09:55:53','리뷰내용7',5,73,180),(75,'2023-04-28 09:55:53','리뷰내용8',2,73,102),(76,'2023-04-28 09:55:53','리뷰내용0',5,74,112),(77,'2023-04-28 09:55:53','리뷰내용1',4,74,123),(78,'2023-04-28 09:55:53','리뷰내용2',8,74,157),(79,'2023-04-28 09:55:53','리뷰내용3',5,74,162),(80,'2023-04-28 09:55:53','리뷰내용4',8,74,159),(81,'2023-04-28 09:55:53','리뷰내용5',2,74,86),(82,'2023-04-28 09:55:53','리뷰내용6',1,74,182),(83,'2023-04-28 09:55:53','리뷰내용7',9,74,133),(84,'2023-04-28 09:55:53','리뷰내용8',8,74,184),(85,'2023-04-28 09:55:53','리뷰내용0',3,75,185),(86,'2023-04-28 09:55:53','리뷰내용1',5,75,129),(87,'2023-04-28 09:55:53','리뷰내용2',7,75,104),(88,'2023-04-28 09:55:53','리뷰내용3',1,75,101),(89,'2023-04-28 09:55:53','리뷰내용4',3,75,149),(90,'2023-04-28 09:55:53','리뷰내용5',6,75,120),(91,'2023-04-28 09:55:53','리뷰내용6',9,75,181),(92,'2023-04-28 09:55:53','리뷰내용0',10,76,145),(93,'2023-04-28 09:55:53','리뷰내용1',2,76,173),(94,'2023-04-28 09:55:53','리뷰내용2',7,76,130),(95,'2023-04-28 09:55:53','리뷰내용3',8,76,119),(96,'2023-04-28 09:55:53','리뷰내용4',9,76,184),(97,'2023-04-28 09:55:53','리뷰내용5',9,76,176),(98,'2023-04-28 09:55:53','리뷰내용6',3,76,162),(99,'2023-04-28 09:55:53','리뷰내용0',8,77,110),(101,'2023-04-28 09:55:53','리뷰내용2',8,77,154),(102,'2023-04-28 09:55:53','리뷰내용3',1,77,149),(103,'2023-04-28 09:55:53','리뷰내용0',6,78,143),(104,'2023-04-28 09:55:53','리뷰내용1',5,78,114),(105,'2023-04-28 09:55:53','리뷰내용2',7,78,136),(106,'2023-04-28 09:55:53','리뷰내용3',7,78,89),(107,'2023-04-28 09:55:53','리뷰내용0',5,79,96),(108,'2023-04-28 09:55:53','리뷰내용1',1,79,159),(109,'2023-04-28 09:55:53','리뷰내용2',2,79,131),(110,'2023-04-28 09:55:53','리뷰내용3',6,79,126),(111,'2023-04-28 09:55:53','리뷰내용4',10,79,167),(112,'2023-04-28 09:55:53','리뷰내용5',4,79,122),(113,'2023-04-28 09:55:53','리뷰내용6',3,79,125),(114,'2023-04-28 09:55:53','리뷰내용7',7,79,107),(115,'2023-04-28 09:55:53','리뷰내용8',10,79,148),(116,'2023-04-28 09:55:53','리뷰내용0',2,80,164),(117,'2023-04-28 09:55:53','리뷰내용1',4,80,182),(118,'2023-04-28 09:55:53','리뷰내용2',7,80,100),(119,'2023-04-28 09:55:53','리뷰내용3',1,80,174),(120,'2023-04-28 09:55:53','리뷰내용4',6,80,163),(121,'2023-04-28 09:55:53','리뷰내용0',5,81,167),(122,'2023-04-28 09:55:53','리뷰내용1',10,81,105),(123,'2023-04-28 09:55:53','리뷰내용2',2,81,159),(124,'2023-04-28 09:55:53','리뷰내용0',2,82,132),(125,'2023-04-28 09:55:53','리뷰내용1',4,82,97),(126,'2023-04-28 09:55:53','리뷰내용2',8,82,133),(127,'2023-04-28 09:55:53','리뷰내용3',3,82,153),(128,'2023-04-28 09:55:53','리뷰내용0',2,85,172),(129,'2023-04-28 09:55:53','리뷰내용1',6,85,130),(130,'2023-04-28 09:55:53','리뷰내용2',6,85,175),(131,'2023-04-28 09:55:53','리뷰내용3',7,85,87),(132,'2023-04-28 09:55:53','리뷰내용4',10,85,99),(133,'2023-04-28 09:55:53','리뷰내용5',4,85,166),(134,'2023-04-28 09:55:53','리뷰내용6',8,85,184),(135,'2023-04-28 09:55:53','리뷰내용7',8,85,94),(136,'2023-04-28 09:55:53','리뷰내용0',8,86,104),(137,'2023-04-28 09:55:53','리뷰내용1',9,86,129),(138,'2023-04-28 09:55:53','리뷰내용2',7,86,101),(139,'2023-04-28 09:55:53','리뷰내용3',8,86,151),(140,'2023-04-28 09:55:53','리뷰내용4',9,86,182),(141,'2023-04-28 09:55:53','리뷰내용5',1,86,172),(142,'2023-04-28 09:55:53','리뷰내용0',6,87,90),(143,'2023-04-28 09:55:53','리뷰내용1',2,87,136),(144,'2023-04-28 09:55:53','리뷰내용2',1,87,167),(146,'2023-04-28 09:55:53','리뷰내용4',9,87,125),(147,'2023-04-28 09:55:53','리뷰내용5',8,87,112),(148,'2023-04-28 09:55:53','리뷰내용6',6,87,121),(149,'2023-04-28 09:55:53','리뷰내용7',9,87,129),(150,'2023-04-28 09:55:53','리뷰내용0',10,88,150),(151,'2023-04-28 09:55:53','리뷰내용0',6,89,115),(152,'2023-04-28 09:55:53','리뷰내용1',1,89,153),(153,'2023-04-28 09:55:53','리뷰내용2',10,89,145),(154,'2023-04-28 09:55:53','리뷰내용3',10,89,169),(155,'2023-04-28 09:55:53','리뷰내용4',4,89,99),(156,'2023-04-28 09:55:53','리뷰내용5',3,89,149),(157,'2023-04-28 09:55:53','리뷰내용6',8,89,118),(158,'2023-04-28 09:55:53','리뷰내용7',1,89,113),(159,'2023-04-28 09:55:53','리뷰내용0',1,90,98),(160,'2023-04-28 09:55:53','리뷰내용1',2,90,173),(161,'2023-04-28 09:55:53','리뷰내용2',9,90,110),(162,'2023-04-28 09:55:53','리뷰내용3',10,90,101),(163,'2023-04-28 09:55:53','리뷰내용4',2,90,89),(164,'2023-04-28 09:55:53','리뷰내용5',5,90,159),(165,'2023-04-28 09:55:53','리뷰내용6',6,90,151),(166,'2023-04-28 09:55:53','리뷰내용0',7,91,124),(167,'2023-04-28 09:55:53','리뷰내용0',9,92,100),(168,'2023-04-28 09:55:53','리뷰내용1',9,92,99),(169,'2023-04-28 09:55:53','리뷰내용2',10,92,181),(170,'2023-04-28 09:55:53','리뷰내용3',1,92,151),(171,'2023-04-28 09:55:53','리뷰내용4',2,92,89),(172,'2023-04-28 09:55:53','리뷰내용5',2,92,158),(173,'2023-04-28 09:55:53','리뷰내용6',1,92,110),(174,'2023-04-28 09:55:53','리뷰내용7',3,92,152),(175,'2023-04-28 09:55:53','리뷰내용0',4,93,117),(176,'2023-04-28 09:55:53','리뷰내용1',1,93,152),(177,'2023-04-28 09:55:53','리뷰내용2',5,93,124),(178,'2023-04-28 09:55:53','리뷰내용0',5,94,149),(179,'2023-04-28 09:55:53','리뷰내용1',3,94,151),(180,'2023-04-28 09:55:53','리뷰내용2',1,94,116),(181,'2023-04-28 09:55:53','리뷰내용3',2,94,160),(182,'2023-04-28 09:55:53','리뷰내용4',8,94,110),(183,'2023-04-28 09:55:53','리뷰내용5',6,94,89),(184,'2023-04-28 09:55:53','리뷰내용6',3,94,102),(185,'2023-04-28 09:55:53','리뷰내용7',1,94,185),(186,'2023-04-28 09:55:53','리뷰내용0',6,95,97),(187,'2023-04-28 09:55:53','리뷰내용0',6,96,175),(188,'2023-04-28 09:55:53','리뷰내용1',10,96,116),(189,'2023-04-28 09:55:53','리뷰내용2',1,96,121),(190,'2023-04-28 09:55:53','리뷰내용3',4,96,146),(191,'2023-04-28 09:55:53','리뷰내용4',5,96,179),(192,'2023-04-28 09:55:53','리뷰내용5',9,96,156),(193,'2023-04-28 09:55:53','리뷰내용6',4,96,159),(194,'2023-04-28 09:55:53','리뷰내용0',9,98,156),(195,'2023-04-28 09:55:53','리뷰내용1',2,98,130),(196,'2023-04-28 09:55:53','리뷰내용2',4,98,131),(197,'2023-04-28 09:55:53','리뷰내용3',3,98,183),(198,'2023-04-28 09:55:53','리뷰내용4',5,98,153),(199,'2023-04-28 09:55:53','리뷰내용0',7,100,165),(200,'2023-04-28 09:55:53','리뷰내용1',1,100,166),(201,'2023-04-28 09:55:53','리뷰내용0',4,101,97),(202,'2023-04-28 09:55:53','리뷰내용1',5,101,182),(203,'2023-04-28 09:55:53','리뷰내용2',5,101,183),(204,'2023-04-28 09:55:53','리뷰내용3',1,101,126),(205,'2023-04-28 09:55:53','리뷰내용0',5,102,135),(206,'2023-04-28 09:55:53','리뷰내용1',5,102,174),(207,'2023-04-28 09:55:53','리뷰내용2',5,102,122),(208,'2023-04-28 09:55:53','리뷰내용3',3,102,161),(209,'2023-04-28 09:55:53','리뷰내용0',5,103,182),(210,'2023-04-28 09:55:53','리뷰내용1',7,103,134),(211,'2023-04-28 09:55:53','리뷰내용2',6,103,105),(212,'2023-04-28 09:55:53','리뷰내용3',3,103,98),(213,'2023-04-28 09:55:53','리뷰내용4',7,103,147),(214,'2023-04-28 09:55:53','리뷰내용5',6,103,126),(215,'2023-04-28 09:55:53','리뷰내용6',2,103,107),(216,'2023-04-28 09:55:53','리뷰내용7',8,103,119),(217,'2023-04-28 09:55:53','리뷰내용8',6,103,136),(218,'2023-04-28 09:55:53','리뷰내용0',3,104,95),(219,'2023-04-28 09:55:53','리뷰내용1',10,104,134),(220,'2023-04-28 09:55:53','리뷰내용2',5,104,143),(221,'2023-04-28 09:55:53','리뷰내용3',5,104,142),(222,'2023-04-28 09:55:53','리뷰내용4',8,104,107),(223,'2023-04-28 09:55:53','리뷰내용5',3,104,130),(224,'2023-04-28 09:55:53','리뷰내용6',2,104,109),(225,'2023-04-28 09:55:53','리뷰내용7',8,104,170),(226,'2023-04-28 09:55:53','리뷰내용8',8,104,147),(227,'2023-04-28 09:55:53','리뷰내용0',6,105,162),(228,'2023-04-28 09:55:53','리뷰내용1',2,105,99),(229,'2023-04-28 09:55:53','리뷰내용2',6,105,182),(230,'2023-04-28 09:55:53','리뷰내용3',7,105,134),(231,'2023-04-28 09:55:53','리뷰내용4',5,105,101),(232,'2023-04-28 09:55:53','리뷰내용5',6,105,124),(233,'2023-04-28 09:55:53','리뷰내용0',5,106,126),(234,'2023-04-28 09:55:53','리뷰내용1',7,106,123),(235,'2023-04-28 09:55:53','리뷰내용2',3,106,137),(236,'2023-04-28 09:55:53','리뷰내용3',9,106,174),(237,'2023-04-28 09:55:53','리뷰내용4',9,106,90),(238,'2023-04-28 09:55:53','리뷰내용5',10,106,98),(240,'2023-04-28 09:55:53','리뷰내용1',2,107,136),(241,'2023-04-28 09:55:53','리뷰내용2',7,107,156),(242,'2023-04-28 09:55:53','리뷰내용3',4,107,178),(243,'2023-04-28 09:55:53','리뷰내용4',1,107,180),(244,'2023-04-28 09:55:53','리뷰내용5',6,107,177),(245,'2023-04-28 09:55:53','리뷰내용6',10,107,98),(246,'2023-04-28 09:55:53','리뷰내용7',1,107,128),(247,'2023-04-28 09:55:53','리뷰내용0',2,108,150),(248,'2023-04-28 09:55:53','리뷰내용1',9,108,157),(249,'2023-04-28 09:55:53','리뷰내용2',1,108,136),(250,'2023-04-28 09:55:53','리뷰내용3',10,108,176),(251,'2023-04-28 09:55:53','리뷰내용4',8,108,156),(252,'2023-04-28 09:55:53','리뷰내용0',3,109,185),(253,'2023-04-28 09:55:53','리뷰내용1',1,109,124),(254,'2023-04-28 09:55:53','리뷰내용2',2,109,89),(255,'2023-04-28 09:55:53','리뷰내용3',7,109,165),(256,'2023-04-28 09:55:53','리뷰내용4',5,109,109),(257,'2023-04-28 09:55:53','리뷰내용0',10,110,118),(258,'2023-04-28 09:55:53','리뷰내용1',4,110,145),(259,'2023-04-28 09:55:53','리뷰내용2',8,110,174),(260,'2023-04-28 09:55:53','리뷰내용3',6,110,169),(261,'2023-04-28 09:55:53','리뷰내용4',6,110,113),(262,'2023-04-28 09:55:53','리뷰내용5',8,110,122),(263,'2023-04-28 09:55:53','리뷰내용0',10,112,95),(264,'2023-04-28 09:55:53','리뷰내용1',2,112,140),(265,'2023-04-28 09:55:53','리뷰내용2',10,112,98),(266,'2023-04-28 09:55:53','리뷰내용3',4,112,173),(267,'2023-04-28 09:55:53','리뷰내용4',9,112,104),(268,'2023-04-28 09:55:53','리뷰내용5',6,112,161),(269,'2023-04-28 09:55:53','리뷰내용6',9,112,123),(270,'2023-04-28 09:55:53','리뷰내용7',7,112,154),(271,'2023-04-28 09:55:53','리뷰내용8',5,112,86),(272,'2023-04-28 09:55:53','리뷰내용0',4,113,185),(273,'2023-04-28 09:55:53','리뷰내용1',8,113,179),(274,'2023-04-28 09:55:53','리뷰내용2',9,113,112),(275,'2023-04-28 09:55:53','리뷰내용3',7,113,104),(276,'2023-04-28 09:55:53','리뷰내용4',5,113,182),(277,'2023-04-28 09:55:53','리뷰내용5',2,113,163),(278,'2023-04-28 09:55:53','리뷰내용0',9,114,132),(279,'2023-04-28 09:55:53','리뷰내용1',6,114,152),(281,'2023-04-28 09:55:53','리뷰내용3',7,114,135),(282,'2023-04-28 09:55:53','리뷰내용4',2,114,131),(283,'2023-04-28 09:55:53','리뷰내용0',4,116,116),(284,'2023-04-28 09:55:53','리뷰내용1',10,116,101),(285,'2023-04-28 09:55:53','리뷰내용0',6,117,112),(286,'2023-04-28 09:55:53','리뷰내용1',10,117,103),(287,'2023-04-28 09:55:53','리뷰내용2',6,117,135),(288,'2023-04-28 09:55:53','리뷰내용3',9,117,96),(289,'2023-04-28 09:55:53','리뷰내용4',1,117,170),(290,'2023-04-28 09:55:53','리뷰내용0',10,118,147),(291,'2023-04-28 09:55:53','리뷰내용1',7,118,142),(292,'2023-04-28 09:55:53','리뷰내용2',9,118,149),(293,'2023-04-28 09:55:53','리뷰내용3',4,118,144),(294,'2023-04-28 09:55:53','리뷰내용4',1,118,111),(295,'2023-04-28 09:55:53','리뷰내용5',1,118,96),(296,'2023-04-28 09:55:53','리뷰내용6',7,118,178),(297,'2023-04-28 09:55:53','리뷰내용7',2,118,173),(298,'2023-04-28 09:55:53','리뷰내용0',7,120,95),(299,'2023-04-28 09:55:53','리뷰내용1',2,120,153),(300,'2023-04-28 09:55:53','리뷰내용2',9,120,134),(301,'2023-04-28 09:55:53','리뷰내용3',2,120,137),(302,'2023-04-28 09:55:53','리뷰내용4',1,120,155),(303,'2023-04-28 09:55:53','리뷰내용5',10,120,114),(304,'2023-04-28 09:55:53','리뷰내용6',3,120,169),(305,'2023-04-28 09:55:53','리뷰내용0',8,121,174),(306,'2023-04-28 09:55:53','리뷰내용1',1,121,165),(307,'2023-04-28 09:55:53','리뷰내용0',7,123,162),(308,'2023-04-28 09:55:53','리뷰내용1',5,123,152),(309,'2023-04-28 09:55:53','리뷰내용2',8,123,163),(310,'2023-04-28 09:55:53','리뷰내용3',4,123,98),(311,'2023-04-28 09:55:53','리뷰내용4',2,123,92),(312,'2023-04-28 09:55:53','리뷰내용0',3,124,151),(313,'2023-04-28 09:55:53','리뷰내용1',1,124,129),(314,'2023-04-28 09:55:53','리뷰내용0',4,125,129),(315,'2023-04-28 09:55:53','리뷰내용1',10,125,164),(316,'2023-04-28 09:55:53','리뷰내용2',4,125,128),(317,'2023-04-28 09:55:53','리뷰내용3',3,125,127),(318,'2023-04-28 09:55:53','리뷰내용4',6,125,108),(319,'2023-04-28 09:55:53','리뷰내용0',2,126,158),(320,'2023-04-28 09:55:53','리뷰내용1',8,126,147),(321,'2023-04-28 09:55:53','리뷰내용2',7,126,87),(322,'2023-04-28 09:55:53','리뷰내용3',1,126,169),(323,'2023-04-28 09:55:53','리뷰내용4',5,126,115),(324,'2023-04-28 09:55:53','리뷰내용5',10,126,106),(325,'2023-04-28 09:55:53','리뷰내용0',5,127,120),(326,'2023-04-28 09:55:53','리뷰내용1',4,127,100),(327,'2023-04-28 09:55:53','리뷰내용0',8,128,183),(328,'2023-04-28 09:55:53','리뷰내용1',6,128,164),(329,'2023-04-28 09:55:53','리뷰내용2',9,128,182),(330,'2023-04-28 09:55:53','리뷰내용3',3,128,131),(331,'2023-04-28 09:55:53','리뷰내용4',4,128,90),(332,'2023-04-28 09:55:53','리뷰내용5',7,128,103),(333,'2023-04-28 09:55:53','리뷰내용6',3,128,146),(334,'2023-04-28 09:55:53','리뷰내용7',2,128,93),(335,'2023-04-28 09:55:53','리뷰내용0',10,129,124),(336,'2023-04-28 09:55:53','리뷰내용1',5,129,105),(337,'2023-04-28 09:55:53','리뷰내용2',6,129,149),(338,'2023-04-28 09:55:53','리뷰내용3',2,129,125),(339,'2023-04-28 09:55:53','리뷰내용0',4,130,158),(340,'2023-04-28 09:55:53','리뷰내용1',7,130,128),(341,'2023-04-28 09:55:53','리뷰내용2',7,130,120),(342,'2023-04-28 09:55:53','리뷰내용3',9,130,138),(343,'2023-04-28 09:55:53','리뷰내용4',1,130,173),(344,'2023-04-28 09:55:53','리뷰내용0',9,131,126),(345,'2023-04-28 09:55:53','리뷰내용1',4,131,146),(346,'2023-04-28 09:55:53','리뷰내용2',9,131,177),(347,'2023-04-28 09:55:53','리뷰내용3',2,131,122),(348,'2023-04-28 09:55:53','리뷰내용4',8,131,154),(349,'2023-04-28 09:55:53','리뷰내용5',3,131,113),(350,'2023-04-28 09:55:53','리뷰내용0',8,133,158),(351,'2023-04-28 09:55:53','리뷰내용1',9,133,135),(352,'2023-04-28 09:55:53','리뷰내용0',2,134,125),(353,'2023-04-28 09:55:53','리뷰내용1',7,134,108),(354,'2023-04-28 09:55:53','리뷰내용2',9,134,169),(355,'2023-04-28 09:55:53','리뷰내용0',3,135,89),(356,'2023-04-28 09:55:53','리뷰내용0',9,136,146),(357,'2023-04-28 09:55:53','리뷰내용1',6,136,152),(358,'2023-04-28 09:55:53','리뷰내용2',6,136,86),(359,'2023-04-28 09:55:53','리뷰내용3',6,136,140),(360,'2023-04-28 09:55:53','리뷰내용4',2,136,156),(361,'2023-04-28 09:55:53','리뷰내용0',9,137,156),(362,'2023-04-28 09:55:53','리뷰내용1',10,137,119),(363,'2023-04-28 09:55:53','리뷰내용2',7,137,128),(364,'2023-04-28 09:55:53','리뷰내용3',3,137,168),(365,'2023-04-28 09:55:53','리뷰내용4',2,137,145),(366,'2023-04-28 09:55:53','리뷰내용5',6,137,108),(367,'2023-04-28 09:55:53','리뷰내용6',6,137,102),(368,'2023-04-28 09:55:53','리뷰내용0',5,138,164),(369,'2023-04-28 09:55:53','리뷰내용1',4,138,114),(370,'2023-04-28 09:55:53','리뷰내용2',9,138,99),(371,'2023-04-28 09:55:53','리뷰내용3',1,138,135),(372,'2023-04-28 09:55:53','리뷰내용4',6,138,162),(373,'2023-04-28 09:55:53','리뷰내용5',4,138,149),(374,'2023-04-28 09:55:53','리뷰내용0',4,139,164),(375,'2023-04-28 09:55:53','리뷰내용0',4,140,150),(376,'2023-04-28 09:55:53','리뷰내용1',3,140,156),(377,'2023-04-28 09:55:53','리뷰내용2',7,140,164),(378,'2023-04-28 09:55:53','리뷰내용3',9,140,123),(379,'2023-04-28 09:55:53','리뷰내용4',4,140,139),(380,'2023-04-28 09:55:53','리뷰내용5',10,140,175),(381,'2023-04-28 09:55:53','리뷰내용0',1,141,106),(382,'2023-04-28 09:55:53','리뷰내용1',1,141,172),(383,'2023-04-28 09:55:53','리뷰내용2',7,141,98),(384,'2023-04-28 09:55:53','리뷰내용3',7,141,166),(385,'2023-04-28 09:55:53','리뷰내용0',1,142,109),(386,'2023-04-28 09:55:53','리뷰내용1',7,142,106),(387,'2023-04-28 09:55:53','리뷰내용2',3,142,105),(388,'2023-04-28 09:55:53','리뷰내용3',6,142,167),(389,'2023-04-28 09:55:53','리뷰내용4',9,142,150),(390,'2023-04-28 09:55:53','리뷰내용5',3,142,174),(391,'2023-04-28 09:55:53','리뷰내용0',1,143,120),(392,'2023-04-28 09:55:53','리뷰내용1',7,143,177),(393,'2023-04-28 09:55:53','리뷰내용2',10,143,167),(394,'2023-04-28 09:55:53','리뷰내용3',3,143,163),(395,'2023-04-28 09:55:53','리뷰내용4',3,143,157),(396,'2023-04-28 09:55:53','리뷰내용0',8,144,134),(397,'2023-04-28 09:55:53','리뷰내용1',7,144,109),(398,'2023-04-28 09:55:53','리뷰내용2',2,144,116),(399,'2023-04-28 09:55:53','리뷰내용3',7,144,148),(400,'2023-04-28 09:55:53','리뷰내용4',3,144,156),(401,'2023-04-28 09:55:53','리뷰내용0',9,145,137),(402,'2023-04-28 09:55:53','리뷰내용1',3,145,116),(403,'2023-04-28 09:55:53','리뷰내용2',10,145,123),(404,'2023-04-28 09:55:53','리뷰내용3',10,145,127),(405,'2023-04-28 09:55:53','리뷰내용4',4,145,173),(406,'2023-04-28 09:55:53','리뷰내용5',5,145,160),(407,'2023-04-28 09:55:53','리뷰내용6',4,145,145),(408,'2023-04-28 09:55:53','리뷰내용7',5,145,174),(409,'2023-04-28 09:55:53','리뷰내용0',10,146,88),(410,'2023-04-28 09:55:53','리뷰내용1',6,146,132),(411,'2023-04-28 09:55:53','리뷰내용2',10,146,101),(412,'2023-04-28 09:55:53','리뷰내용3',8,146,174),(413,'2023-04-28 09:55:53','리뷰내용4',3,146,89),(414,'2023-04-28 09:55:53','리뷰내용5',6,146,169),(415,'2023-04-28 09:55:53','리뷰내용6',6,146,102),(416,'2023-04-28 09:55:53','리뷰내용7',7,146,181),(417,'2023-04-28 09:55:53','리뷰내용8',7,146,113),(418,'2023-04-28 09:55:53','리뷰내용0',9,147,89),(419,'2023-04-28 09:55:53','리뷰내용0',4,148,109),(420,'2023-04-28 09:55:53','리뷰내용1',8,148,110),(421,'2023-04-28 09:55:53','리뷰내용2',10,148,150),(422,'2023-04-28 09:55:53','리뷰내용3',10,148,116),(423,'2023-04-28 09:55:53','리뷰내용0',4,149,122),(424,'2023-04-28 09:55:53','리뷰내용1',5,149,179),(425,'2023-04-28 09:55:53','리뷰내용2',8,149,154),(426,'2023-04-28 09:55:53','리뷰내용3',6,149,129),(427,'2023-04-28 09:55:53','리뷰내용4',2,149,117),(428,'2023-04-28 09:55:53','리뷰내용5',2,149,106),(429,'2023-04-28 09:55:53','리뷰내용6',9,149,180),(430,'2023-04-28 09:55:53','리뷰내용7',8,149,141),(431,'2023-04-28 09:55:53','리뷰내용0',1,150,149),(432,'2023-04-28 09:55:53','리뷰내용1',7,150,93),(433,'2023-04-28 09:55:53','리뷰내용2',8,150,116),(434,'2023-04-28 09:55:53','리뷰내용3',10,150,165),(435,'2023-04-28 09:55:53','리뷰내용4',5,150,164),(436,'2023-04-28 09:55:53','리뷰내용5',3,150,155),(437,'2023-04-28 09:55:53','리뷰내용6',7,150,138),(438,'2023-04-28 09:55:53','리뷰내용7',6,150,127),(439,'2023-04-28 09:55:53','리뷰내용8',3,150,177),(440,'2023-04-28 09:55:53','리뷰내용0',8,152,129),(441,'2023-04-28 09:55:53','리뷰내용1',7,152,94),(442,'2023-04-28 09:55:53','리뷰내용2',7,152,127),(443,'2023-04-28 09:55:53','리뷰내용3',9,152,146),(444,'2023-04-28 09:55:53','리뷰내용4',9,152,97),(445,'2023-04-28 09:55:53','리뷰내용0',7,153,177),(446,'2023-04-28 09:55:53','리뷰내용1',8,153,145),(447,'2023-04-28 09:55:53','리뷰내용2',2,153,109),(448,'2023-04-28 09:55:53','리뷰내용3',10,153,104),(449,'2023-04-28 09:55:53','리뷰내용0',10,154,167),(450,'2023-04-28 09:55:53','리뷰내용0',8,155,99),(451,'2023-04-28 09:55:53','리뷰내용1',6,155,124),(452,'2023-04-28 09:55:53','리뷰내용2',4,155,131),(453,'2023-04-28 09:55:53','리뷰내용3',2,155,172),(454,'2023-04-28 09:55:53','리뷰내용4',4,155,88),(455,'2023-04-28 09:55:53','리뷰내용5',4,155,121),(456,'2023-04-28 09:55:53','리뷰내용0',2,156,165),(457,'2023-04-28 09:55:53','리뷰내용1',10,156,99),(458,'2023-04-28 09:55:53','리뷰내용2',8,156,149),(459,'2023-04-28 09:55:53','리뷰내용3',6,156,108),(460,'2023-04-28 09:55:53','리뷰내용4',7,156,144),(461,'2023-04-28 09:55:53','리뷰내용5',2,156,111),(462,'2023-04-28 09:55:53','리뷰내용6',7,156,107),(463,'2023-04-28 09:55:53','리뷰내용7',4,156,130),(464,'2023-04-28 09:55:53','리뷰내용8',6,156,114),(465,'2023-04-28 09:55:53','리뷰내용0',5,157,133),(466,'2023-04-28 09:55:53','리뷰내용1',3,157,180),(467,'2023-04-28 09:55:53','리뷰내용0',6,158,155),(468,'2023-04-28 09:55:53','리뷰내용1',5,158,117),(469,'2023-04-28 09:55:53','리뷰내용2',7,158,128),(470,'2023-04-28 09:55:53','리뷰내용3',1,158,150),(471,'2023-04-28 09:55:53','리뷰내용4',10,158,92),(472,'2023-04-28 09:55:53','리뷰내용5',3,158,87),(473,'2023-04-28 09:55:53','리뷰내용6',10,158,125),(474,'2023-04-28 09:55:53','리뷰내용0',1,159,93),(475,'2023-04-28 09:55:53','리뷰내용0',10,160,174),(476,'2023-04-28 09:55:53','리뷰내용1',2,160,117),(477,'2023-04-28 09:55:53','리뷰내용2',1,160,105),(478,'2023-04-28 09:55:53','리뷰내용3',7,160,97),(479,'2023-04-28 09:55:53','리뷰내용4',5,160,139),(480,'2023-04-28 09:55:53','리뷰내용5',10,160,141),(481,'2023-04-28 09:55:53','리뷰내용6',3,160,176),(482,'2023-04-28 09:55:53','리뷰내용7',10,160,151),(483,'2023-04-28 09:55:53','리뷰내용8',10,160,172),(484,'2023-04-28 09:55:53','리뷰내용0',7,161,169),(485,'2023-04-28 09:55:53','리뷰내용0',4,162,114),(486,'2023-04-28 09:55:53','리뷰내용1',7,162,139),(487,'2023-04-28 09:55:53','리뷰내용2',6,162,154),(488,'2023-04-28 09:55:53','리뷰내용3',7,162,135),(489,'2023-04-28 09:55:53','리뷰내용4',2,162,151),(490,'2023-04-28 09:55:53','리뷰내용5',2,162,138),(491,'2023-04-28 09:55:53','리뷰내용6',5,162,94),(492,'2023-04-28 09:55:53','리뷰내용7',10,162,182),(493,'2023-04-28 09:55:53','리뷰내용8',5,162,152),(494,'2023-04-28 09:55:54','리뷰내용0',10,163,137),(495,'2023-04-28 09:55:54','리뷰내용1',8,163,182),(496,'2023-04-28 09:55:54','리뷰내용2',2,163,145),(497,'2023-04-28 09:55:54','리뷰내용0',3,164,138),(498,'2023-04-28 09:55:54','리뷰내용1',2,164,135),(499,'2023-04-28 09:55:54','리뷰내용2',7,164,147),(500,'2023-04-28 09:55:54','리뷰내용3',8,164,142),(501,'2023-04-28 09:55:54','리뷰내용4',6,164,127),(502,'2023-04-28 09:55:54','리뷰내용5',10,164,171),(503,'2023-04-28 09:55:54','리뷰내용6',8,164,159),(504,'2023-04-28 09:55:54','리뷰내용0',6,165,127),(505,'2023-04-28 09:55:54','리뷰내용1',9,165,119),(506,'2023-04-28 09:55:54','리뷰내용2',6,165,142),(507,'2023-04-28 09:55:54','리뷰내용3',1,165,161),(508,'2023-04-28 09:55:54','리뷰내용4',9,165,129),(509,'2023-04-28 09:55:54','리뷰내용5',3,165,90),(510,'2023-04-28 09:55:54','리뷰내용6',4,165,93),(511,'2023-04-28 09:55:54','리뷰내용7',6,165,126),(512,'2023-04-28 09:55:54','리뷰내용0',5,166,184),(513,'2023-04-28 09:55:54','리뷰내용1',7,166,176),(514,'2023-04-28 09:55:54','리뷰내용2',6,166,172),(515,'2023-04-28 09:55:54','리뷰내용3',6,166,104),(516,'2023-04-28 09:55:54','리뷰내용0',8,167,164),(517,'2023-04-28 09:55:54','리뷰내용1',2,167,134),(518,'2023-04-28 09:55:54','리뷰내용2',3,167,158),(519,'2023-04-28 09:55:54','리뷰내용3',2,167,174),(520,'2023-04-28 09:55:54','리뷰내용0',9,168,146),(521,'2023-04-28 09:55:54','리뷰내용1',1,168,175),(522,'2023-04-28 09:55:54','리뷰내용2',10,168,105),(523,'2023-04-28 09:55:54','리뷰내용0',10,169,103),(524,'2023-04-28 09:55:54','리뷰내용1',5,169,153),(525,'2023-04-28 09:55:54','리뷰내용0',5,170,150),(526,'2023-04-28 09:55:54','리뷰내용1',6,170,128),(527,'2023-04-28 09:55:54','리뷰내용2',7,170,93),(528,'2023-04-28 09:55:54','리뷰내용3',4,170,115),(529,'2023-04-28 09:55:54','리뷰내용4',9,170,181),(530,'2023-04-28 09:55:54','리뷰내용5',6,170,98),(531,'2023-04-28 09:55:54','리뷰내용6',5,170,102),(532,'2023-04-28 09:55:54','리뷰내용0',5,171,161),(533,'2023-04-28 09:55:54','리뷰내용1',7,171,178),(534,'2023-04-28 09:55:54','리뷰내용2',6,171,134),(535,'2023-04-28 09:55:54','리뷰내용3',3,171,89);
/*!40000 ALTER TABLE `review_info` ENABLE KEYS */;
UNLOCK TABLES;

--
-- Table structure for table `user_info`
--

DROP TABLE IF EXISTS `user_info`;
/*!40101 SET @saved_cs_client     = @@character_set_client */;
/*!50503 SET character_set_client = utf8mb4 */;
CREATE TABLE `user_info` (
  `ui_seq` bigint NOT NULL AUTO_INCREMENT,
  `ui_id` varchar(255) NOT NULL,
  `ui_name` varchar(255) NOT NULL,
  `ui_email` varchar(255) NOT NULL,
  `ui_file` text CHARACTER SET utf8mb4 COLLATE utf8mb4_0900_ai_ci,
  `ui_uri` text CHARACTER SET utf8mb4 COLLATE utf8mb4_0900_ai_ci,
  `ui_birth` date DEFAULT NULL,
  `ui_gen` varchar(10) CHARACTER SET utf8mb4 COLLATE utf8mb4_0900_ai_ci DEFAULT '선택안함',
  `ui_status` int DEFAULT '1',
  `ui_pwd` varchar(50) CHARACTER SET utf8mb4 COLLATE utf8mb4_0900_ai_ci NOT NULL,
  PRIMARY KEY (`ui_seq`)
) ENGINE=InnoDB AUTO_INCREMENT=178 DEFAULT CHARSET=utf8mb4 COLLATE=utf8mb4_0900_ai_ci;
/*!40101 SET character_set_client = @saved_cs_client */;

--
-- Dumping data for table `user_info`
--

LOCK TABLES `user_info` WRITE;
/*!40000 ALTER TABLE `user_info` DISABLE KEYS */;
INSERT INTO `user_info` VALUES (72,'user000','사용자0','user000@email.com',NULL,NULL,'2023-04-28','선택안함',1,'123456'),(73,'user001','사용자1','user001@email.com',NULL,NULL,'2023-04-28','선택안함',1,'123456'),(74,'user002','사용자2','user002@email.com',NULL,NULL,'2023-04-28','선택안함',1,'123456'),(75,'user003','사용자3','user003@email.com',NULL,NULL,'2023-04-28','선택안함',1,'123456'),(76,'user004','사용자4','user004@email.com',NULL,NULL,'2023-04-28','선택안함',1,'123456'),(77,'user005','사용자5','user005@email.com',NULL,NULL,'2023-04-28','선택안함',1,'123456'),(78,'user006','사용자6','user006@email.com',NULL,NULL,'2023-04-28','선택안함',1,'123456'),(79,'user007','사용자7','user007@email.com',NULL,NULL,'2023-04-28','선택안함',1,'123456'),(80,'user008','사용자8','user008@email.com',NULL,NULL,'2023-04-28','선택안함',1,'123456'),(81,'user009','사용자9','user009@email.com',NULL,NULL,'2023-04-28','선택안함',1,'123456'),(82,'user0010','사용자10','user0010@email.com',NULL,NULL,'2023-04-28','선택안함',1,'123456'),(83,'user0011','사용자11','user0011@email.com',NULL,NULL,'2023-04-28','선택안함',1,'123456'),(84,'user0012','사용자12','user0012@email.com',NULL,NULL,'2023-04-28','선택안함',1,'123456'),(85,'user0013','사용자13','user0013@email.com',NULL,NULL,'2023-04-28','선택안함',1,'123456'),(86,'user0014','사용자14','user0014@email.com',NULL,NULL,'2023-04-28','선택안함',1,'123456'),(87,'user0015','사용자15','user0015@email.com',NULL,NULL,'2023-04-28','선택안함',1,'123456'),(88,'user0016','사용자16','user0016@email.com',NULL,NULL,'2023-04-28','선택안함',1,'123456'),(89,'user0017','사용자17','user0017@email.com',NULL,NULL,'2023-04-28','선택안함',1,'123456'),(90,'user0018','사용자18','user0018@email.com',NULL,NULL,'2023-04-28','선택안함',1,'123456'),(91,'user0019','사용자19','user0019@email.com',NULL,NULL,'2023-04-28','선택안함',1,'123456'),(92,'user0020','사용자20','user0020@email.com',NULL,NULL,'2023-04-28','선택안함',1,'123456'),(93,'user0021','사용자21','user0021@email.com',NULL,NULL,'2023-04-28','선택안함',1,'123456'),(94,'user0022','사용자22','user0022@email.com',NULL,NULL,'2023-04-28','선택안함',1,'123456'),(95,'user0023','사용자23','user0023@email.com',NULL,NULL,'2023-04-28','선택안함',1,'123456'),(96,'user0024','사용자24','user0024@email.com',NULL,NULL,'2023-04-28','선택안함',1,'123456'),(97,'user0025','사용자25','user0025@email.com',NULL,NULL,'2023-04-28','선택안함',1,'123456'),(98,'user0026','사용자26','user0026@email.com',NULL,NULL,'2023-04-28','선택안함',1,'123456'),(99,'user0027','사용자27','user0027@email.com',NULL,NULL,'2023-04-28','선택안함',1,'123456'),(100,'user0028','사용자28','user0028@email.com',NULL,NULL,'2023-04-28','선택안함',1,'123456'),(101,'user0029','사용자29','user0029@email.com',NULL,NULL,'2023-04-28','선택안함',1,'123456'),(102,'user0030','사용자30','user0030@email.com',NULL,NULL,'2023-04-28','선택안함',1,'123456'),(103,'user0031','사용자31','user0031@email.com',NULL,NULL,'2023-04-28','선택안함',1,'123456'),(104,'user0032','사용자32','user0032@email.com',NULL,NULL,'2023-04-28','선택안함',1,'123456'),(105,'user0033','사용자33','user0033@email.com',NULL,NULL,'2023-04-28','선택안함',1,'123456'),(106,'user0034','사용자34','user0034@email.com',NULL,NULL,'2023-04-28','선택안함',1,'123456'),(107,'user0035','사용자35','user0035@email.com',NULL,NULL,'2023-04-28','선택안함',1,'123456'),(108,'user0036','사용자36','user0036@email.com',NULL,NULL,'2023-04-28','선택안함',1,'123456'),(109,'user0037','사용자37','user0037@email.com',NULL,NULL,'2023-04-28','선택안함',1,'123456'),(110,'user0038','사용자38','user0038@email.com',NULL,NULL,'2023-04-28','선택안함',1,'123456'),(111,'user0039','사용자39','user0039@email.com',NULL,NULL,'2023-04-28','선택안함',1,'123456'),(112,'user0040','사용자40','user0040@email.com',NULL,NULL,'2023-04-28','선택안함',1,'123456'),(113,'user0041','사용자41','user0041@email.com',NULL,NULL,'2023-04-28','선택안함',1,'123456'),(114,'user0042','사용자42','user0042@email.com',NULL,NULL,'2023-04-28','선택안함',1,'123456'),(115,'user0043','사용자43','user0043@email.com',NULL,NULL,'2023-04-28','선택안함',1,'123456'),(116,'user0044','사용자44','user0044@email.com',NULL,NULL,'2023-04-28','선택안함',1,'123456'),(117,'user0045','사용자45','user0045@email.com',NULL,NULL,'2023-04-28','선택안함',1,'123456'),(118,'user0046','사용자46','user0046@email.com',NULL,NULL,'2023-04-28','선택안함',1,'123456'),(119,'user0047','사용자47','user0047@email.com',NULL,NULL,'2023-04-28','선택안함',1,'123456'),(120,'user0048','사용자48','user0048@email.com',NULL,NULL,'2023-04-28','선택안함',1,'123456'),(121,'user0049','사용자49','user0049@email.com',NULL,NULL,'2023-04-28','선택안함',1,'123456'),(122,'user001','사용자1','user001@email.com',NULL,NULL,'2023-04-28','선택안함',1,'123456'),(123,'user002','사용자2','user002@email.com',NULL,NULL,'2023-04-28','선택안함',1,'123456'),(124,'user003','사용자3','user003@email.com',NULL,NULL,'2023-04-28','선택안함',1,'123456'),(125,'user004','사용자4','user004@email.com',NULL,NULL,'2023-04-28','선택안함',1,'123456'),(126,'user005','사용자5','user005@email.com',NULL,NULL,'2023-04-28','선택안함',1,'123456'),(127,'user006','사용자6','user006@email.com',NULL,NULL,'2023-04-28','선택안함',1,'123456'),(128,'user007','사용자7','user007@email.com',NULL,NULL,'2023-04-28','선택안함',1,'123456'),(129,'user008','사용자8','user008@email.com',NULL,NULL,'2023-04-28','선택안함',1,'123456'),(130,'user009','사용자9','user009@email.com',NULL,NULL,'2023-04-28','선택안함',1,'123456'),(131,'user0010','사용자10','user0010@email.com',NULL,NULL,'2023-04-28','선택안함',1,'123456'),(132,'user0011','사용자11','user0011@email.com',NULL,NULL,'2023-04-28','선택안함',1,'123456'),(133,'user0012','사용자12','user0012@email.com',NULL,NULL,'2023-04-28','선택안함',1,'123456'),(134,'user0013','사용자13','user0013@email.com',NULL,NULL,'2023-04-28','선택안함',1,'123456'),(135,'user0014','사용자14','user0014@email.com',NULL,NULL,'2023-04-28','선택안함',1,'123456'),(136,'user0015','사용자15','user0015@email.com',NULL,NULL,'2023-04-28','선택안함',1,'123456'),(137,'user0016','사용자16','user0016@email.com',NULL,NULL,'2023-04-28','선택안함',1,'123456'),(138,'user0017','사용자17','user0017@email.com',NULL,NULL,'2023-04-28','선택안함',1,'123456'),(139,'user0018','사용자18','user0018@email.com',NULL,NULL,'2023-04-28','선택안함',1,'123456'),(140,'user0019','사용자19','user0019@email.com',NULL,NULL,'2023-04-28','선택안함',1,'123456'),(141,'user0020','사용자20','user0020@email.com',NULL,NULL,'2023-04-28','선택안함',1,'123456'),(142,'user0021','사용자21','user0021@email.com',NULL,NULL,'2023-04-28','선택안함',1,'123456'),(143,'user0022','사용자22','user0022@email.com',NULL,NULL,'2023-04-28','선택안함',1,'123456'),(144,'user0023','사용자23','user0023@email.com',NULL,NULL,'2023-04-28','선택안함',1,'123456'),(145,'user0024','사용자24','user0024@email.com',NULL,NULL,'2023-04-28','선택안함',1,'123456'),(146,'user0025','사용자25','user0025@email.com',NULL,NULL,'2023-04-28','선택안함',1,'123456'),(147,'user0026','사용자26','user0026@email.com',NULL,NULL,'2023-04-28','선택안함',1,'123456'),(148,'user0027','사용자27','user0027@email.com',NULL,NULL,'2023-04-28','선택안함',1,'123456'),(149,'user0028','사용자28','user0028@email.com',NULL,NULL,'2023-04-28','선택안함',1,'123456'),(150,'user0029','사용자29','user0029@email.com',NULL,NULL,'2023-04-28','선택안함',1,'123456'),(151,'user0030','사용자30','user0030@email.com',NULL,NULL,'2023-04-28','선택안함',1,'123456'),(152,'user0031','사용자31','user0031@email.com',NULL,NULL,'2023-04-28','선택안함',1,'123456'),(153,'user0032','사용자32','user0032@email.com',NULL,NULL,'2023-04-28','선택안함',1,'123456'),(154,'user0033','사용자33','user0033@email.com',NULL,NULL,'2023-04-28','선택안함',1,'123456'),(155,'user0034','사용자34','user0034@email.com',NULL,NULL,'2023-04-28','선택안함',1,'123456'),(156,'user0035','사용자35','user0035@email.com',NULL,NULL,'2023-04-28','선택안함',1,'123456'),(157,'user0036','사용자36','user0036@email.com',NULL,NULL,'2023-04-28','선택안함',1,'123456'),(158,'user0037','사용자37','user0037@email.com',NULL,NULL,'2023-04-28','선택안함',1,'123456'),(159,'user0038','사용자38','user0038@email.com',NULL,NULL,'2023-04-28','선택안함',1,'123456'),(160,'user0039','사용자39','user0039@email.com',NULL,NULL,'2023-04-28','선택안함',1,'123456'),(161,'user0040','사용자40','user0040@email.com',NULL,NULL,'2023-04-28','선택안함',1,'123456'),(162,'user0041','사용자41','user0041@email.com',NULL,NULL,'2023-04-28','선택안함',1,'123456'),(163,'user0042','사용자42','user0042@email.com',NULL,NULL,'2023-04-28','선택안함',1,'123456'),(164,'user0043','사용자43','user0043@email.com',NULL,NULL,'2023-04-28','선택안함',1,'123456'),(165,'user0044','사용자44','user0044@email.com',NULL,NULL,'2023-04-28','선택안함',1,'123456'),(166,'user0045','사용자45','user0045@email.com',NULL,NULL,'2023-04-28','선택안함',1,'123456'),(167,'user0046','사용자46','user0046@email.com',NULL,NULL,'2023-04-28','선택안함',1,'123456'),(168,'user0047','사용자47','user0047@email.com',NULL,NULL,'2023-04-28','선택안함',1,'123456'),(169,'user0048','사용자48','user0048@email.com',NULL,NULL,'2023-04-28','선택안함',1,'123456'),(170,'user0049','사용자49','user0049@email.com',NULL,NULL,'2023-04-28','선택안함',1,'123456'),(171,'user0050','사용자50','user0050@email.com',NULL,NULL,'2023-04-28','선택안함',1,'123456');
/*!40000 ALTER TABLE `user_info` ENABLE KEYS */;
UNLOCK TABLES;

--
-- Dumping routines for database 'dbflix'
--
/*!40103 SET TIME_ZONE=@OLD_TIME_ZONE */;

/*!40101 SET SQL_MODE=@OLD_SQL_MODE */;
/*!40014 SET FOREIGN_KEY_CHECKS=@OLD_FOREIGN_KEY_CHECKS */;
/*!40014 SET UNIQUE_CHECKS=@OLD_UNIQUE_CHECKS */;
/*!40101 SET CHARACTER_SET_CLIENT=@OLD_CHARACTER_SET_CLIENT */;
/*!40101 SET CHARACTER_SET_RESULTS=@OLD_CHARACTER_SET_RESULTS */;
/*!40101 SET COLLATION_CONNECTION=@OLD_COLLATION_CONNECTION */;
/*!40111 SET SQL_NOTES=@OLD_SQL_NOTES */;

-- Dump completed on 2023-04-28 16:17:28
